"ts","EventID","FILE_PATH","PROCESS_ID","USER_NAME","Image","ProcessId","User","DestinationIp","DestinationPort","DestinationPortName","Protocol","SourcePort","ImageLoaded","Signature","SignatureStatus","Signed","TargetFileName","this"
"2024-12-12 11:37:57","7",,,,"C:\Program Files (x86)\Microsoft\EdgeUpdate\MicrosoftEdgeUpdate.exe","1536","NT AUTHORITY\SYSTEM",,,,,,"C:\Program Files (x86)\Microsoft\EdgeUpdate\MicrosoftEdgeUpdate.exe","Microsoft Corporation","Valid","true",,"3152974096f7d1c994fdf545675acb15"
"2024-12-12 11:37:57","7",,,,"C:\Program Files (x86)\Microsoft\EdgeUpdate\MicrosoftEdgeUpdate.exe","1536","NT AUTHORITY\SYSTEM",,,,,,"C:\Windows\System32\ntdll.dll","Microsoft Windows","Valid","true",,"5e4c1ef10a8416bd9d7ceed6675acb15"
"2024-12-12 11:37:57","7",,,,"C:\Program Files (x86)\Microsoft\EdgeUpdate\MicrosoftEdgeUpdate.exe","1536","NT AUTHORITY\SYSTEM",,,,,,"C:\Windows\SysWOW64\ntdll.dll","Microsoft Windows","Valid","true",,"f5f3c6a0e77cfd14beb488a9675acb15"
"2024-12-12 11:37:57","7",,,,"C:\Program Files (x86)\Microsoft\EdgeUpdate\MicrosoftEdgeUpdate.exe","1536","NT AUTHORITY\SYSTEM",,,,,,"C:\Windows\System32\wow64.dll","Microsoft Windows","Valid","true",,"0ca61f0d8a675b790e8e6c6b675acb15"
"2024-12-12 11:37:57","7",,,,"C:\Program Files (x86)\Microsoft\EdgeUpdate\MicrosoftEdgeUpdate.exe","1536","NT AUTHORITY\SYSTEM",,,,,,"C:\Windows\System32\wow64win.dll","Microsoft Windows","Valid","true",,"205a1d850d042d007e075369675acb15"
"2024-12-12 11:37:57","7",,,,"C:\Program Files (x86)\Microsoft\EdgeUpdate\MicrosoftEdgeUpdate.exe","1536","NT AUTHORITY\SYSTEM",,,,,,"C:\Windows\System32\wow64cpu.dll","Microsoft Windows","Valid","true",,"2eb1892b30caa05434f838e9675acb15"
"2024-12-12 11:37:57","7",,,,"C:\Program Files (x86)\Microsoft\EdgeUpdate\MicrosoftEdgeUpdate.exe","1536","NT AUTHORITY\SYSTEM",,,,,,"C:\Windows\SysWOW64\kernel32.dll","Microsoft Windows","Valid","true",,"c66f3efa3ca8164dc85ee919675acb15"
"2024-12-12 11:37:57","7",,,,"C:\Program Files (x86)\Microsoft\EdgeUpdate\MicrosoftEdgeUpdate.exe","1536","NT AUTHORITY\SYSTEM",,,,,,"C:\Windows\SysWOW64\KernelBase.dll","Microsoft Windows","Valid","true",,"f0ceedd6199d64b3a9ef7dba675acb15"
"2024-12-12 11:37:57","7",,,,"C:\Program Files (x86)\Microsoft\EdgeUpdate\MicrosoftEdgeUpdate.exe","1536","NT AUTHORITY\SYSTEM",,,,,,"C:\Windows\SysWOW64\ole32.dll","Microsoft Windows","Valid","true",,"6b60a6d1c32a03f1a91af1d8675acb15"
"2024-12-12 11:37:57","7",,,,"C:\Program Files (x86)\Microsoft\EdgeUpdate\MicrosoftEdgeUpdate.exe","1536","NT AUTHORITY\SYSTEM",,,,,,"C:\Windows\SysWOW64\ucrtbase.dll","Microsoft Windows","Valid","true",,"12e9695b33bd75320bac2781675acb15"
"2024-12-12 11:37:57","7",,,,"C:\Program Files (x86)\Microsoft\EdgeUpdate\MicrosoftEdgeUpdate.exe","1536","NT AUTHORITY\SYSTEM",,,,,,"C:\Windows\SysWOW64\rpcrt4.dll","Microsoft Windows","Valid","true",,"65b043cbc3e8d69eeb85d20c675acb15"
"2024-12-12 11:37:57","7",,,,"C:\Program Files (x86)\Microsoft\EdgeUpdate\MicrosoftEdgeUpdate.exe","1536","NT AUTHORITY\SYSTEM",,,,,,"C:\Windows\SysWOW64\combase.dll","Microsoft Windows","Valid","true",,"19239c27dc835ede9e36a80e675acb15"
"2024-12-12 11:37:57","7",,,,"C:\Program Files (x86)\Microsoft\EdgeUpdate\MicrosoftEdgeUpdate.exe","1536","NT AUTHORITY\SYSTEM",,,,,,"C:\Windows\SysWOW64\gdi32.dll","Microsoft Windows","Valid","true",,"b1eba21cf1db70cf59108dc0675acb15"
"2024-12-12 11:37:57","7",,,,"C:\Program Files (x86)\Microsoft\EdgeUpdate\MicrosoftEdgeUpdate.exe","1536","NT AUTHORITY\SYSTEM",,,,,,"C:\Windows\SysWOW64\win32u.dll","Microsoft Windows","Valid","true",,"54b5d4c2967e2392ca439184675acb15"
"2024-12-12 11:37:57","7",,,,"C:\Program Files (x86)\Microsoft\EdgeUpdate\MicrosoftEdgeUpdate.exe","1536","NT AUTHORITY\SYSTEM",,,,,,"C:\Windows\SysWOW64\gdi32full.dll","Microsoft Windows","Valid","true",,"6e3c237486aaff6f20b26b35675acb15"
"2024-12-12 11:37:57","7",,,,"C:\Program Files (x86)\Microsoft\EdgeUpdate\MicrosoftEdgeUpdate.exe","1536","NT AUTHORITY\SYSTEM",,,,,,"C:\Windows\SysWOW64\msvcp_win.dll","Microsoft Windows","Valid","true",,"c4b62333bea26e9538c3ae55675acb15"
"2024-12-12 11:37:57","7",,,,"C:\Program Files (x86)\Microsoft\EdgeUpdate\MicrosoftEdgeUpdate.exe","1536","NT AUTHORITY\SYSTEM",,,,,,"C:\Windows\SysWOW64\user32.dll","Microsoft Windows","Valid","true",,"7ea3482110f4b6287b6f34e2675acb15"
"2024-12-12 11:37:57","7",,,,"C:\Program Files (x86)\Microsoft\EdgeUpdate\MicrosoftEdgeUpdate.exe","1536","NT AUTHORITY\SYSTEM",,,,,,"C:\Windows\SysWOW64\shell32.dll","Microsoft Windows","Valid","true",,"74617e221815d18b99cdab3f675acb15"
"2024-12-12 11:37:57","7",,,,"C:\Program Files (x86)\Microsoft\EdgeUpdate\MicrosoftEdgeUpdate.exe","1536","NT AUTHORITY\SYSTEM",,,,,,"C:\Windows\SysWOW64\windows.storage.dll","Microsoft Windows","Valid","true",,"593150d28fb09b94eca56165675acb15"
"2024-12-12 11:37:57","7",,,,"C:\Program Files (x86)\Microsoft\EdgeUpdate\MicrosoftEdgeUpdate.exe","1536","NT AUTHORITY\SYSTEM",,,,,,"C:\Windows\SysWOW64\wldp.dll","Microsoft Windows","Valid","true",,"a91533f5384a8d570126ece8675acb15"
"2024-12-12 11:37:57","7",,,,"C:\Program Files (x86)\Microsoft\EdgeUpdate\MicrosoftEdgeUpdate.exe","1536","NT AUTHORITY\SYSTEM",,,,,,"C:\Windows\SysWOW64\msvcrt.dll","Microsoft Windows","Valid","true",,"28f5806da6f79bd21fd464db675acb15"
"2024-12-12 11:37:57","7",,,,"C:\Program Files (x86)\Microsoft\EdgeUpdate\MicrosoftEdgeUpdate.exe","1536","NT AUTHORITY\SYSTEM",,,,,,"C:\Windows\SysWOW64\advapi32.dll","Microsoft Windows","Valid","true",,"8bfc8ee3b45cb195ea351aac675acb15"
"2024-12-12 11:37:57","7",,,,"C:\Program Files (x86)\Microsoft\EdgeUpdate\MicrosoftEdgeUpdate.exe","1536","NT AUTHORITY\SYSTEM",,,,,,"C:\Windows\SysWOW64\sechost.dll","Microsoft Windows","Valid","true",,"c296a17b79ee186f885d4f7f675acb15"
"2024-12-12 11:37:57","7",,,,"C:\Program Files (x86)\Microsoft\EdgeUpdate\MicrosoftEdgeUpdate.exe","1536","NT AUTHORITY\SYSTEM",,,,,,"C:\Windows\SysWOW64\bcrypt.dll","Microsoft Windows","Valid","true",,"d823b84219859353beb14931675acb15"
"2024-12-12 11:37:57","7",,,,"C:\Program Files (x86)\Microsoft\EdgeUpdate\MicrosoftEdgeUpdate.exe","1536","NT AUTHORITY\SYSTEM",,,,,,"C:\Windows\SysWOW64\oleaut32.dll","Microsoft Windows","Valid","true",,"8168b77fc29cc96e69d6e9f1675acb15"
"2024-12-12 11:37:57","7",,,,"C:\Program Files (x86)\Microsoft\EdgeUpdate\MicrosoftEdgeUpdate.exe","1536","NT AUTHORITY\SYSTEM",,,,,,"C:\Windows\SysWOW64\SHCore.dll","Microsoft Windows","Valid","true",,"95c2eaefbd257872ced2457e675acb15"
"2024-12-12 11:37:57","7",,,,"C:\Program Files (x86)\Microsoft\EdgeUpdate\MicrosoftEdgeUpdate.exe","1536","NT AUTHORITY\SYSTEM",,,,,,"C:\Windows\SysWOW64\shlwapi.dll","Microsoft Windows","Valid","true",,"9e736c240ae5f82d4020f336675acb15"
"2024-12-12 11:37:57","7",,,,"C:\Program Files (x86)\Microsoft\EdgeUpdate\MicrosoftEdgeUpdate.exe","1536","NT AUTHORITY\SYSTEM",,,,,,"C:\Program Files (x86)\Microsoft\EdgeUpdate\1.3.195.39\msedgeupdate.dll","Microsoft Corporation","Valid","true",,"34f73e542514bf7f57c7acca675acb15"
"2024-12-12 11:37:57","7",,,,"C:\Program Files (x86)\Microsoft\EdgeUpdate\MicrosoftEdgeUpdate.exe","1536","NT AUTHORITY\SYSTEM",,,,,,"C:\Windows\SysWOW64\version.dll","Microsoft Windows","Valid","true",,"ca63543c8471ff8647fc7db1675acb15"
"2024-12-12 11:37:57","7",,,,"C:\Program Files (x86)\Microsoft\EdgeUpdate\MicrosoftEdgeUpdate.exe","1536","NT AUTHORITY\SYSTEM",,,,,,"C:\Windows\SysWOW64\wtsapi32.dll","Microsoft Windows","Valid","true",,"c1fdaad8e1b37c219a767f3a675acb15"
"2024-12-12 11:37:57","7",,,,"C:\Program Files (x86)\Microsoft\EdgeUpdate\MicrosoftEdgeUpdate.exe","1536","NT AUTHORITY\SYSTEM",,,,,,"C:\Windows\SysWOW64\netapi32.dll","Microsoft Windows","Valid","true",,"f33e8978cebc1d0dea63bbff675acb15"
"2024-12-12 11:37:57","7",,,,"C:\Program Files (x86)\Microsoft\EdgeUpdate\MicrosoftEdgeUpdate.exe","1536","NT AUTHORITY\SYSTEM",,,,,,"C:\Windows\SysWOW64\netutils.dll","Microsoft Windows","Valid","true",,"170ec12cd02fc8fe1d8625a5675acb15"
"2024-12-12 11:37:57","7",,,,"C:\Program Files (x86)\Microsoft\EdgeUpdate\MicrosoftEdgeUpdate.exe","1536","NT AUTHORITY\SYSTEM",,,,,,"C:\Windows\SysWOW64\wkscli.dll","Microsoft Windows","Valid","true",,"ed916a1e9dbc07becb772a15675acb15"
"2024-12-12 11:37:57","7",,,,"C:\Program Files (x86)\Microsoft\EdgeUpdate\MicrosoftEdgeUpdate.exe","1536","NT AUTHORITY\SYSTEM",,,,,,"C:\Windows\SysWOW64\profapi.dll","Microsoft Windows","Valid","true",,"b6a44c45c241b9953c313443675acb15"
"2024-12-12 11:37:57","7",,,,"C:\Program Files (x86)\Microsoft\EdgeUpdate\MicrosoftEdgeUpdate.exe","1536","NT AUTHORITY\SYSTEM",,,,,,"C:\Windows\SysWOW64\dsreg.dll","Microsoft Windows","Valid","true",,"da80681c2147f97fe5a9206a675acb15"
"2024-12-12 11:37:57","7",,,,"C:\Program Files (x86)\Microsoft\EdgeUpdate\MicrosoftEdgeUpdate.exe","1536","NT AUTHORITY\SYSTEM",,,,,,"C:\Windows\SysWOW64\msvcp110_win.dll","Microsoft Windows","Valid","true",,"9b3b69e78a35b6e702285e80675acb15"
"2024-12-12 11:37:57","7",,,,"C:\Program Files (x86)\Microsoft\EdgeUpdate\MicrosoftEdgeUpdate.exe","1536","NT AUTHORITY\SYSTEM",,,,,,"C:\Windows\SysWOW64\cryptsp.dll","Microsoft Windows","Valid","true",,"cd1fb036b55c19c48f568307675acb15"
"2024-12-12 11:37:57","7",,,,"C:\Program Files (x86)\Microsoft\EdgeUpdate\MicrosoftEdgeUpdate.exe","1536","NT AUTHORITY\SYSTEM",,,,,,"C:\Windows\SysWOW64\crypt32.dll","Microsoft Windows","Valid","true",,"5025ed068deed17e67a397c9675acb15"
"2024-12-12 11:37:57","7",,,,"C:\Program Files (x86)\Microsoft\EdgeUpdate\MicrosoftEdgeUpdate.exe","1536","NT AUTHORITY\SYSTEM",,,,,,"C:\Windows\SysWOW64\kernel.appcore.dll","Microsoft Windows","Valid","true",,"78df5221ce6e3dfb50627fe3675acb15"
"2024-12-12 11:37:57","7",,,,"C:\Program Files (x86)\Microsoft\EdgeUpdate\MicrosoftEdgeUpdate.exe","1536","NT AUTHORITY\SYSTEM",,,,,,"C:\Windows\SysWOW64\bcryptprimitives.dll","Microsoft Windows","Valid","true",,"6e6ae11dad31b1e1ca2a1ca1675acb15"
"2024-12-12 11:37:57","7",,,,"C:\Program Files (x86)\Microsoft\EdgeUpdate\MicrosoftEdgeUpdate.exe","1536","NT AUTHORITY\SYSTEM",,,,,,"C:\Windows\SysWOW64\winsta.dll","Microsoft Windows","Valid","true",,"e77aacc2dce2d20fd171f048675acb15"
"2024-12-12 11:37:57","7",,,,"C:\Program Files (x86)\Microsoft\EdgeUpdate\MicrosoftEdgeUpdate.exe","1536","NT AUTHORITY\SYSTEM",,,,,,"C:\Windows\SysWOW64\clbcatq.dll","Microsoft Windows","Valid","true",,"7fe33d45cd03b0fd30f52769675acb15"
"2024-12-12 11:37:57","7",,,,"C:\Program Files (x86)\Microsoft\EdgeUpdate\MicrosoftEdgeUpdate.exe","1536","NT AUTHORITY\SYSTEM",,,,,,"C:\Windows\SysWOW64\taskschd.dll","Microsoft Windows","Valid","true",,"f3ce200853c7cbd68e3581f2675acb15"
"2024-12-12 11:37:57","7",,,,"C:\Program Files (x86)\Microsoft\EdgeUpdate\MicrosoftEdgeUpdate.exe","1536","NT AUTHORITY\SYSTEM",,,,,,"C:\Windows\SysWOW64\sspicli.dll","Microsoft Windows","Valid","true",,"c316ec7b25fce64709c4b224675acb15"
"2024-12-12 11:37:57","7",,,,"C:\Program Files (x86)\Microsoft\EdgeUpdate\MicrosoftEdgeUpdate.exe","1536","NT AUTHORITY\SYSTEM",,,,,,"C:\Windows\SysWOW64\SystemSettings.DataModel.dll","Microsoft Windows","Valid","true",,"02de765e11d85999b24ec6cd675acb15"
"2024-12-12 11:37:57","7",,,,"C:\Program Files (x86)\Microsoft\EdgeUpdate\MicrosoftEdgeUpdate.exe","1536","NT AUTHORITY\SYSTEM",,,,,,"C:\Windows\SysWOW64\userenv.dll","Microsoft Windows","Valid","true",,"b93a4962cd8be69c90dbb1fd675acb15"
"2024-12-12 11:37:57","7",,,,"C:\Program Files (x86)\Microsoft\EdgeUpdate\MicrosoftEdgeUpdate.exe","1536","NT AUTHORITY\SYSTEM",,,,,,"C:\Windows\SysWOW64\OneCoreUAPCommonProxyStub.dll","Microsoft Windows","Valid","true",,"e06c289e6feac5f682811318675acb15"
"2024-12-12 11:37:57","7",,,,"C:\Program Files (x86)\Microsoft\EdgeUpdate\MicrosoftEdgeUpdate.exe","1536","NT AUTHORITY\SYSTEM",,,,,,"C:\Windows\SysWOW64\cfgmgr32.dll","Microsoft Windows","Valid","true",,"76da4ab17daebdd8aed1ea4c675acb15"
"2024-12-12 11:37:57","7",,,,"C:\Program Files (x86)\Microsoft\EdgeUpdate\MicrosoftEdgeUpdate.exe","1536","NT AUTHORITY\SYSTEM",,,,,,"C:\Windows\SysWOW64\StructuredQuery.dll","Microsoft Windows","Valid","true",,"6e74952e69a5995214276168675acb15"
"2024-12-12 11:37:57","7",,,,"C:\Program Files (x86)\Microsoft\EdgeUpdate\MicrosoftEdgeUpdate.exe","1536","NT AUTHORITY\SYSTEM",,,,,,"C:\Windows\SysWOW64\propsys.dll","Microsoft Windows","Valid","true",,"d5a2ff3e2595c0fe0df25c8a675acb15"
"2024-12-12 11:37:57","7",,,,"C:\Program Files (x86)\Microsoft\EdgeUpdate\MicrosoftEdgeUpdate.exe","1536","NT AUTHORITY\SYSTEM",,,,,,"C:\Windows\SysWOW64\Windows.StateRepositoryPS.dll","Microsoft Windows","Valid","true",,"b3e5aee8bbeed1d36ff8bb4b675acb15"
"2024-12-12 11:37:57","7",,,,"C:\Program Files (x86)\Microsoft\EdgeUpdate\MicrosoftEdgeUpdate.exe","1536","NT AUTHORITY\SYSTEM",,,,,,"C:\Windows\SysWOW64\Windows.Storage.Search.dll","Microsoft Windows","Valid","true",,"36cf3b264b6cd00f4e37b814675acb15"
"2024-12-12 11:37:57","7",,,,"C:\Program Files (x86)\Microsoft\EdgeUpdate\MicrosoftEdgeUpdate.exe","1536","NT AUTHORITY\SYSTEM",,,,,,"C:\Windows\SysWOW64\mssprxy.dll","Microsoft Windows","Valid","true",,"a274dc4d5232dd8c472f8a3b675acb15"
"2024-12-12 11:37:57","7",,,,"C:\Program Files (x86)\Microsoft\EdgeUpdate\MicrosoftEdgeUpdate.exe","1536","NT AUTHORITY\SYSTEM",,,,,,"C:\Windows\SysWOW64\edputil.dll","Microsoft Windows","Valid","true",,"b5496e05e8f5321773ebc95e675acb15"
"2024-12-12 11:37:57","7",,,,"C:\Program Files (x86)\Microsoft\EdgeUpdate\MicrosoftEdgeUpdate.exe","1536","NT AUTHORITY\SYSTEM",,,,,,"C:\Windows\SysWOW64\WinTypes.dll","Microsoft Windows","Valid","true",,"44b1639d8e95d8987ac3a818675acb15"
"2024-12-12 11:37:57","7",,,,"C:\Program Files (x86)\Microsoft\EdgeUpdate\MicrosoftEdgeUpdate.exe","1536","NT AUTHORITY\SYSTEM",,,,,,"C:\Windows\SysWOW64\Windows.Web.dll","Microsoft Windows","Valid","true",,"f73b2068fbf4f465b9135403675acb15"
"2024-12-12 11:37:57","7",,,,"C:\Program Files (x86)\Microsoft\EdgeUpdate\MicrosoftEdgeUpdate.exe","1536","NT AUTHORITY\SYSTEM",,,,,,"C:\Windows\SysWOW64\iertutil.dll","Microsoft Windows","Valid","true",,"ae25c06bcac508035053fbf2675acb15"
"2024-12-12 11:37:57","7",,,,"C:\Program Files (x86)\Microsoft\EdgeUpdate\MicrosoftEdgeUpdate.exe","1536","NT AUTHORITY\SYSTEM",,,,,,"C:\Windows\SysWOW64\srvcli.dll","Microsoft Windows","Valid","true",,"8fa5cc4ec9b75a439964c78c675acb15"
"2024-12-12 11:37:57","7",,,,"C:\Program Files (x86)\Microsoft\EdgeUpdate\MicrosoftEdgeUpdate.exe","1536","NT AUTHORITY\SYSTEM",,,,,,"C:\Windows\SysWOW64\msasn1.dll","Microsoft Windows","Valid","true",,"b57898f94e50a14f4b3e1269675acb15"
"2024-12-12 11:37:56",,"C:\Program Files (x86)\Microsoft\EdgeUpdate\MicrosoftEdgeUpdate.exe",1536,"NT AUTHORITY\SYSTEM",,,,,,,,,,,,,,"8724a256a055a3508de8047f675acb14"
"2024-12-12 11:33:45",,"C:\Windows\system32\svchost.exe",5052,"NT AUTHORITY\SYSTEM",,,,,,,,,,,,,,"4b34776964273748471ca6c6675aca1a"
"2024-12-12 11:33:43",,"C:\Windows\System32\mousocoreworker.exe",1876,"NT AUTHORITY\SYSTEM",,,,,,,,,,,,,,"60aad46fda386592eee1a666675aca18"
"2024-12-12 11:33:43",,"C:\Windows\system32\svchost.exe",6460,"NT AUTHORITY\SYSTEM",,,,,,,,,,,,,,"51bf5aee18f087b6dd42852b675aca18"
"2024-12-12 11:33:43",,"C:\Windows\system32\wbem\wmiprvse.exe",3948,"NT AUTHORITY\NETWORK SERVICE",,,,,,,,,,,,,,"2385b7f079c217fe5f5b693a675aca18"
"2024-12-12 11:30:44","7",,,,"C:\Program Files (x86)\Microsoft\EdgeUpdate\MicrosoftEdgeUpdate.exe","4772","NT AUTHORITY\SYSTEM",,,,,,"C:\Windows\SysWOW64\msasn1.dll","Microsoft Windows","Valid","true",,"11001badbc72e486b182893a675ac964"
"2024-12-12 11:30:44","7",,,,"C:\Program Files (x86)\Microsoft\EdgeUpdate\MicrosoftEdgeUpdate.exe","4772","NT AUTHORITY\SYSTEM",,,,,,"C:\Windows\SysWOW64\dpapi.dll","Microsoft Windows","Valid","true",,"353930220506cfcae80661ca675ac964"
"2024-12-12 11:30:43","7",,,,"C:\Program Files (x86)\Microsoft\EdgeUpdate\MicrosoftEdgeUpdate.exe","4772","NT AUTHORITY\SYSTEM",,,,,,"C:\Windows\SysWOW64\shlwapi.dll","Microsoft Windows","Valid","true",,"e54c0c8938136f258c5d69c7675ac963"
"2024-12-12 11:30:43","7",,,,"C:\Program Files (x86)\Microsoft\EdgeUpdate\MicrosoftEdgeUpdate.exe","4772","NT AUTHORITY\SYSTEM",,,,,,"C:\Program Files (x86)\Microsoft\EdgeUpdate\1.3.195.39\msedgeupdate.dll","Microsoft Corporation","Valid","true",,"a8627cecae9512c95d50f0c3675ac963"
"2024-12-12 11:30:43","7",,,,"C:\Program Files (x86)\Microsoft\EdgeUpdate\MicrosoftEdgeUpdate.exe","4772","NT AUTHORITY\SYSTEM",,,,,,"C:\Windows\SysWOW64\netapi32.dll","Microsoft Windows","Valid","true",,"577c41b50c6e70a878be6549675ac963"
"2024-12-12 11:30:43","7",,,,"C:\Program Files (x86)\Microsoft\EdgeUpdate\MicrosoftEdgeUpdate.exe","4772","NT AUTHORITY\SYSTEM",,,,,,"C:\Windows\SysWOW64\version.dll","Microsoft Windows","Valid","true",,"a9a863cbeb06c93fd175faa3675ac963"
"2024-12-12 11:30:43","7",,,,"C:\Program Files (x86)\Microsoft\EdgeUpdate\MicrosoftEdgeUpdate.exe","4772","NT AUTHORITY\SYSTEM",,,,,,"C:\Windows\SysWOW64\wtsapi32.dll","Microsoft Windows","Valid","true",,"4344d8c51bc72e382878bd3f675ac963"
"2024-12-12 11:30:43","7",,,,"C:\Program Files (x86)\Microsoft\EdgeUpdate\MicrosoftEdgeUpdate.exe","4772","NT AUTHORITY\SYSTEM",,,,,,"C:\Windows\SysWOW64\netutils.dll","Microsoft Windows","Valid","true",,"cc8e7f8d6309034df2d6fab5675ac963"
"2024-12-12 11:30:43","7",,,,"C:\Program Files (x86)\Microsoft\EdgeUpdate\MicrosoftEdgeUpdate.exe","4772","NT AUTHORITY\SYSTEM",,,,,,"C:\Windows\SysWOW64\wkscli.dll","Microsoft Windows","Valid","true",,"ce710b3e4549e4665643aefa675ac963"
"2024-12-12 11:30:43","7",,,,"C:\Program Files (x86)\Microsoft\EdgeUpdate\MicrosoftEdgeUpdate.exe","4772","NT AUTHORITY\SYSTEM",,,,,,"C:\Windows\SysWOW64\profapi.dll","Microsoft Windows","Valid","true",,"1eea3b860b406b4eef8e917c675ac963"
"2024-12-12 11:30:43","7",,,,"C:\Program Files (x86)\Microsoft\EdgeUpdate\MicrosoftEdgeUpdate.exe","4772","NT AUTHORITY\SYSTEM",,,,,,"C:\Windows\SysWOW64\dsreg.dll","Microsoft Windows","Valid","true",,"1e1fab66482aa658365b18ed675ac963"
"2024-12-12 11:30:43","7",,,,"C:\Program Files (x86)\Microsoft\EdgeUpdate\MicrosoftEdgeUpdate.exe","4772","NT AUTHORITY\SYSTEM",,,,,,"C:\Windows\SysWOW64\msvcp110_win.dll","Microsoft Windows","Valid","true",,"11c827e61fb1b71198f8c898675ac963"
"2024-12-12 11:30:43","7",,,,"C:\Program Files (x86)\Microsoft\EdgeUpdate\MicrosoftEdgeUpdate.exe","4772","NT AUTHORITY\SYSTEM",,,,,,"C:\Windows\SysWOW64\cryptsp.dll","Microsoft Windows","Valid","true",,"3b50fdfd76ef1cf11fe979b3675ac963"
"2024-12-12 11:30:43","7",,,,"C:\Program Files (x86)\Microsoft\EdgeUpdate\MicrosoftEdgeUpdate.exe","4772","NT AUTHORITY\SYSTEM",,,,,,"C:\Windows\SysWOW64\crypt32.dll","Microsoft Windows","Valid","true",,"bb384d47a167c248874bad1c675ac963"
"2024-12-12 11:30:43","7",,,,"C:\Program Files (x86)\Microsoft\EdgeUpdate\MicrosoftEdgeUpdate.exe","4772","NT AUTHORITY\SYSTEM",,,,,,"C:\Windows\SysWOW64\kernel.appcore.dll","Microsoft Windows","Valid","true",,"b3ea8a43d31c3fd37b1c143c675ac963"
"2024-12-12 11:30:43","7",,,,"C:\Program Files (x86)\Microsoft\EdgeUpdate\MicrosoftEdgeUpdate.exe","4772","NT AUTHORITY\SYSTEM",,,,,,"C:\Windows\SysWOW64\bcryptprimitives.dll","Microsoft Windows","Valid","true",,"ab04058de60a0381467887bc675ac963"
"2024-12-12 11:30:43","7",,,,"C:\Program Files (x86)\Microsoft\EdgeUpdate\MicrosoftEdgeUpdate.exe","4772","NT AUTHORITY\SYSTEM",,,,,,"C:\Windows\SysWOW64\winsta.dll","Microsoft Windows","Valid","true",,"698cf6026768503d91571bd4675ac963"
"2024-12-12 11:30:43","7",,,,"C:\Program Files (x86)\Microsoft\EdgeUpdate\MicrosoftEdgeUpdate.exe","6916","NT AUTHORITY\SYSTEM",,,,,,"C:\Windows\SysWOW64\apphelp.dll","Microsoft Windows","Valid","true",,"4bff1d523377aeea5a79fea8675ac963"
"2024-12-12 11:30:43","7",,,,"C:\Program Files (x86)\Microsoft\EdgeUpdate\MicrosoftEdgeUpdate.exe","4772","NT AUTHORITY\SYSTEM",,,,,,"C:\Windows\SysWOW64\IPHLPAPI.DLL","Microsoft Windows","Valid","true",,"31141c36c579fb198eb16f1f675ac963"
"2024-12-12 11:30:43","7",,,,"C:\Program Files (x86)\Microsoft\EdgeUpdate\MicrosoftEdgeUpdate.exe","4772","NT AUTHORITY\SYSTEM",,,,,,"C:\Windows\SysWOW64\nsi.dll","Microsoft Windows","Valid","true",,"68cba5ef2352ef648fc29c5e675ac963"
"2024-12-12 11:30:43","7",,,,"C:\Program Files (x86)\Microsoft\EdgeUpdate\MicrosoftEdgeUpdate.exe","4772","NT AUTHORITY\SYSTEM",,,,,,"C:\Windows\SysWOW64\dhcpcsvc.dll","Microsoft Windows","Valid","true",,"3ee4436c271f018f89d0b598675ac963"
"2024-12-12 11:30:43","7",,,,"C:\Program Files (x86)\Microsoft\EdgeUpdate\MicrosoftEdgeUpdate.exe","4772","NT AUTHORITY\SYSTEM",,,,,,"C:\Windows\SysWOW64\clbcatq.dll","Microsoft Windows","Valid","true",,"32a01738a22a9cdf5e1a2450675ac963"
"2024-12-12 11:30:43","7",,,,"C:\Program Files (x86)\Microsoft\EdgeUpdate\MicrosoftEdgeUpdate.exe","4772","NT AUTHORITY\SYSTEM",,,,,,"C:\Windows\SysWOW64\msxml6.dll","Microsoft Windows","Valid","true",,"15fdfaeb8094a2f957c28d7f675ac963"
"2024-12-12 11:30:43","7",,,,"C:\Program Files (x86)\Microsoft\EdgeUpdate\MicrosoftEdgeUpdate.exe","4772","NT AUTHORITY\SYSTEM",,,,,,"C:\Windows\SysWOW64\diagnosticdataquery.dll","Microsoft Windows","Valid","true",,"dfa113770cc4973119c3694d675ac963"
"2024-12-12 11:30:43","7",,,,"C:\Program Files (x86)\Microsoft\EdgeUpdate\MicrosoftEdgeUpdate.exe","4772","NT AUTHORITY\SYSTEM",,,,,,"C:\Windows\SysWOW64\winhttp.dll","Microsoft Windows","Valid","true",,"aa04e2077ea33fb7cbd1bc81675ac963"
"2024-12-12 11:30:43","7",,,,"C:\Program Files (x86)\Microsoft\EdgeUpdate\MicrosoftEdgeUpdate.exe","4772","NT AUTHORITY\SYSTEM",,,,,,"C:\Windows\SysWOW64\ws2_32.dll","Microsoft Windows","Valid","true",,"0371da9a042e7c1e22213284675ac963"
"2024-12-12 11:30:43","7",,,,"C:\Program Files (x86)\Microsoft\EdgeUpdate\MicrosoftEdgeUpdate.exe","4772","NT AUTHORITY\SYSTEM",,,,,,"C:\Windows\SysWOW64\OnDemandConnRouteHelper.dll","Microsoft Windows","Valid","true",,"2568de5c663f2a291ec2761b675ac963"
"2024-12-12 11:30:43","7",,,,"C:\Program Files (x86)\Microsoft\EdgeUpdate\MicrosoftEdgeUpdate.exe","4772","NT AUTHORITY\SYSTEM",,,,,,"C:\Windows\SysWOW64\dhcpcsvc6.dll","Microsoft Windows","Valid","true",,"0f24f00c5b5293f7dd667a6a675ac963"
"2024-12-12 11:30:43","7",,,,"C:\Program Files (x86)\Microsoft\EdgeUpdate\MicrosoftEdgeUpdate.exe","4772","NT AUTHORITY\SYSTEM",,,,,,"C:\Windows\SysWOW64\webio.dll","Microsoft Windows","Valid","true",,"873ac2b3fa2d8a08b9c00079675ac963"
"2024-12-12 11:30:43","7",,,,"C:\Program Files (x86)\Microsoft\EdgeUpdate\MicrosoftEdgeUpdate.exe","4772","NT AUTHORITY\SYSTEM",,,,,,"C:\Windows\SysWOW64\mswsock.dll","Microsoft Windows","Valid","true",,"21808b1d9ed0ff177ac54be9675ac963"
"2024-12-12 11:30:43","7",,,,"C:\Program Files (x86)\Microsoft\EdgeUpdate\MicrosoftEdgeUpdate.exe","4772","NT AUTHORITY\SYSTEM",,,,,,"C:\Windows\SysWOW64\netprofm.dll","Microsoft Windows","Valid","true",,"60d02b052607ee3b647238ee675ac963"
"2024-12-12 11:30:43","7",,,,"C:\Program Files (x86)\Microsoft\EdgeUpdate\MicrosoftEdgeUpdate.exe","4772","NT AUTHORITY\SYSTEM",,,,,,"C:\Windows\SysWOW64\winnsi.dll","Microsoft Windows","Valid","true",,"a5273a94da684b2ac94dcf66675ac963"
"2024-12-12 11:30:43","7",,,,"C:\Program Files (x86)\Microsoft\EdgeUpdate\MicrosoftEdgeUpdate.exe","4772","NT AUTHORITY\SYSTEM",,,,,,"C:\Windows\SysWOW64\sspicli.dll","Microsoft Windows","Valid","true",,"d88cff4ce9b57f4598a8ecf9675ac963"
"2024-12-12 11:30:43","7",,,,"C:\Program Files (x86)\Microsoft\EdgeUpdate\MicrosoftEdgeUpdate.exe","4772","NT AUTHORITY\SYSTEM",,,,,,"C:\Windows\SysWOW64\dnsapi.dll","Microsoft Windows","Valid","true",,"a2fd006dc1ac70c0a927c518675ac963"
"2024-12-12 11:30:43","7",,,,"C:\Program Files (x86)\Microsoft\EdgeUpdate\MicrosoftEdgeUpdate.exe","4772","NT AUTHORITY\SYSTEM",,,,,,"C:\Windows\SysWOW64\npmproxy.dll","Microsoft Windows","Valid","true",,"8e4e29721afbc2d17da92620675ac963"
"2024-12-12 11:30:43","7",,,,"C:\Program Files (x86)\Microsoft\EdgeUpdate\MicrosoftEdgeUpdate.exe","4772","NT AUTHORITY\SYSTEM",,,,,,"C:\Windows\SysWOW64\rasadhlp.dll","Microsoft Windows","Valid","true",,"d5c59dfb719d617cf074e356675ac963"
"2024-12-12 11:30:43","7",,,,"C:\Program Files (x86)\Microsoft\EdgeUpdate\MicrosoftEdgeUpdate.exe","1336","NT AUTHORITY\SYSTEM",,,,,,"C:\Windows\SysWOW64\cfgmgr32.dll","Microsoft Windows","Valid","true",,"b3aa083b7a97c080bc7b783f675ac963"
"2024-12-12 11:30:43","7",,,,"C:\Program Files (x86)\Microsoft\EdgeUpdate\MicrosoftEdgeUpdate.exe","1336","NT AUTHORITY\SYSTEM",,,,,,"C:\Windows\SysWOW64\StructuredQuery.dll","Microsoft Windows","Valid","true",,"4f592b58896941e1fc5ed809675ac963"
"2024-12-12 11:30:43","7",,,,"C:\Program Files (x86)\Microsoft\EdgeUpdate\MicrosoftEdgeUpdate.exe","1336","NT AUTHORITY\SYSTEM",,,,,,"C:\Windows\SysWOW64\propsys.dll","Microsoft Windows","Valid","true",,"2f2b824d27efdd3e47c0abb8675ac963"
"2024-12-12 11:30:43","7",,,,"C:\Program Files (x86)\Microsoft\EdgeUpdate\MicrosoftEdgeUpdate.exe","1336","NT AUTHORITY\SYSTEM",,,,,,"C:\Windows\SysWOW64\Windows.StateRepositoryPS.dll","Microsoft Windows","Valid","true",,"81be30bff75ac73b5a8d9ffd675ac963"
"2024-12-12 11:30:43","7",,,,"C:\Program Files (x86)\Microsoft\EdgeUpdate\MicrosoftEdgeUpdate.exe","1336","NT AUTHORITY\SYSTEM",,,,,,"C:\Windows\SysWOW64\Windows.Storage.Search.dll","Microsoft Windows","Valid","true",,"ba721cffa62da45e49026125675ac963"
"2024-12-12 11:30:43","7",,,,"C:\Program Files (x86)\Microsoft\EdgeUpdate\MicrosoftEdgeUpdate.exe","1336","NT AUTHORITY\SYSTEM",,,,,,"C:\Windows\SysWOW64\mssprxy.dll","Microsoft Windows","Valid","true",,"7108e1ad4e2e2b81485abb05675ac963"
"2024-12-12 11:30:43","7",,,,"C:\Program Files (x86)\Microsoft\EdgeUpdate\MicrosoftEdgeUpdate.exe","1336","NT AUTHORITY\SYSTEM",,,,,,"C:\Windows\SysWOW64\edputil.dll","Microsoft Windows","Valid","true",,"b88015fd8059b159f9df5858675ac963"
"2024-12-12 11:30:43","7",,,,"C:\Program Files (x86)\Microsoft\EdgeUpdate\MicrosoftEdgeUpdate.exe","1336","NT AUTHORITY\SYSTEM",,,,,,"C:\Windows\SysWOW64\WinTypes.dll","Microsoft Windows","Valid","true",,"7e2f95e84c9a643e98953d33675ac963"
"2024-12-12 11:30:43","7",,,,"C:\Program Files (x86)\Microsoft\EdgeUpdate\MicrosoftEdgeUpdate.exe","4772","NT AUTHORITY\SYSTEM",,,,,,"C:\Windows\SysWOW64\FWPUCLNT.DLL","Microsoft Windows","Valid","true",,"c4b4674169f5a62b0b210e74675ac963"
"2024-12-12 11:30:43","7",,,,"C:\Program Files (x86)\Microsoft\EdgeUpdate\MicrosoftEdgeUpdate.exe","1336","NT AUTHORITY\SYSTEM",,,,,,"C:\Windows\SysWOW64\Windows.Web.dll","Microsoft Windows","Valid","true",,"243a0459503f73d0330ad8c3675ac963"
"2024-12-12 11:30:43","7",,,,"C:\Program Files (x86)\Microsoft\EdgeUpdate\MicrosoftEdgeUpdate.exe","1336","NT AUTHORITY\SYSTEM",,,,,,"C:\Windows\SysWOW64\iertutil.dll","Microsoft Windows","Valid","true",,"9ea8463f692795d4a391e052675ac963"
"2024-12-12 11:30:43","7",,,,"C:\Program Files (x86)\Microsoft\EdgeUpdate\MicrosoftEdgeUpdate.exe","1336","NT AUTHORITY\SYSTEM",,,,,,"C:\Windows\SysWOW64\srvcli.dll","Microsoft Windows","Valid","true",,"9c86e0231380961c3a2a9ea9675ac963"
"2024-12-12 11:30:43","7",,,,"C:\Program Files (x86)\Microsoft\EdgeUpdate\MicrosoftEdgeUpdate.exe","4772","NT AUTHORITY\SYSTEM",,,,,,"C:\Windows\SysWOW64\schannel.dll","Microsoft Windows","Valid","true",,"1cfc8f256364a1326491e12a675ac963"
"2024-12-12 11:30:43","7",,,,"C:\Program Files (x86)\Microsoft\EdgeUpdate\MicrosoftEdgeUpdate.exe","4772","NT AUTHORITY\SYSTEM",,,,,,"C:\Windows\SysWOW64\mskeyprotect.dll","Microsoft Windows","Valid","true",,"974fe39442fd95c1270d598c675ac963"
"2024-12-12 11:30:43","7",,,,"C:\Program Files (x86)\Microsoft\EdgeUpdate\MicrosoftEdgeUpdate.exe","4772","NT AUTHORITY\SYSTEM",,,,,,"C:\Windows\SysWOW64\ntasn1.dll","Microsoft Windows","Valid","true",,"f6cfe82301b22fd4be557c3e675ac963"
"2024-12-12 11:30:43","7",,,,"C:\Program Files (x86)\Microsoft\EdgeUpdate\MicrosoftEdgeUpdate.exe","4772","NT AUTHORITY\SYSTEM",,,,,,"C:\Windows\SysWOW64\ncrypt.dll","Microsoft Windows","Valid","true",,"a3a7557424bf632587ffa223675ac963"
"2024-12-12 11:30:43","7",,,,"C:\Program Files (x86)\Microsoft\EdgeUpdate\MicrosoftEdgeUpdate.exe","4772","NT AUTHORITY\SYSTEM",,,,,,"C:\Windows\SysWOW64\ncryptsslp.dll","Microsoft Windows","Valid","true",,"0134a0a913f1852e98f3cc99675ac963"
"2024-12-12 11:30:42","7",,,,"C:\Program Files (x86)\Microsoft\EdgeUpdate\MicrosoftEdgeUpdate.exe","6916","NT AUTHORITY\SYSTEM",,,,,,"C:\Program Files (x86)\Microsoft\EdgeUpdate\MicrosoftEdgeUpdate.exe","Microsoft Corporation","Valid","true",,"80d642186ef07baee1e0d10d675ac962"
"2024-12-12 11:30:42","7",,,,"C:\Program Files (x86)\Microsoft\EdgeUpdate\MicrosoftEdgeUpdate.exe","6916","NT AUTHORITY\SYSTEM",,,,,,"C:\Windows\System32\ntdll.dll","Microsoft Windows","Valid","true",,"d60214bb891aa072f7be779a675ac962"
"2024-12-12 11:30:42","7",,,,"C:\Program Files (x86)\Microsoft\EdgeUpdate\MicrosoftEdgeUpdate.exe","6916","NT AUTHORITY\SYSTEM",,,,,,"C:\Windows\SysWOW64\ntdll.dll","Microsoft Windows","Valid","true",,"e49c98b68ff2445aef153e7e675ac962"
"2024-12-12 11:30:42","7",,,,"C:\Program Files (x86)\Microsoft\EdgeUpdate\MicrosoftEdgeUpdate.exe","6916","NT AUTHORITY\SYSTEM",,,,,,"C:\Windows\System32\wow64.dll","Microsoft Windows","Valid","true",,"c1ec7ca65d7a185c22119721675ac962"
"2024-12-12 11:30:42","7",,,,"C:\Program Files (x86)\Microsoft\EdgeUpdate\MicrosoftEdgeUpdate.exe","6916","NT AUTHORITY\SYSTEM",,,,,,"C:\Windows\System32\wow64win.dll","Microsoft Windows","Valid","true",,"94205f5c06e467f3f0ace703675ac962"
"2024-12-12 11:30:42","7",,,,"C:\Program Files (x86)\Microsoft\EdgeUpdate\MicrosoftEdgeUpdate.exe","6916","NT AUTHORITY\SYSTEM",,,,,,"C:\Windows\System32\wow64cpu.dll","Microsoft Windows","Valid","true",,"f1dc3cbf63137c06a12c1c4d675ac962"
"2024-12-12 11:30:42","7",,,,"C:\Program Files (x86)\Microsoft\EdgeUpdate\MicrosoftEdgeUpdate.exe","6916","NT AUTHORITY\SYSTEM",,,,,,"C:\Windows\SysWOW64\kernel32.dll","Microsoft Windows","Valid","true",,"8b913c44fdce0e6f391ec349675ac962"
"2024-12-12 11:30:42","7",,,,"C:\Program Files (x86)\Microsoft\EdgeUpdate\MicrosoftEdgeUpdate.exe","6916","NT AUTHORITY\SYSTEM",,,,,,"C:\Windows\SysWOW64\ole32.dll","Microsoft Windows","Valid","true",,"f58c7b54549dcdeeada068e7675ac962"
"2024-12-12 11:30:42","7",,,,"C:\Program Files (x86)\Microsoft\EdgeUpdate\MicrosoftEdgeUpdate.exe","6916","NT AUTHORITY\SYSTEM",,,,,,"C:\Windows\SysWOW64\KernelBase.dll","Microsoft Windows","Valid","true",,"6cc2ad8b15fc39e0f44c9e8f675ac962"
"2024-12-12 11:30:42","7",,,,"C:\Program Files (x86)\Microsoft\EdgeUpdate\MicrosoftEdgeUpdate.exe","6916","NT AUTHORITY\SYSTEM",,,,,,"C:\Windows\SysWOW64\ucrtbase.dll","Microsoft Windows","Valid","true",,"c39eb626c7d9b7397556d21d675ac962"
"2024-12-12 11:30:42","7",,,,"C:\Program Files (x86)\Microsoft\EdgeUpdate\MicrosoftEdgeUpdate.exe","6916","NT AUTHORITY\SYSTEM",,,,,,"C:\Windows\SysWOW64\rpcrt4.dll","Microsoft Windows","Valid","true",,"afd4b54d6e4bbe14fdd5da91675ac962"
"2024-12-12 11:30:42","7",,,,"C:\Program Files (x86)\Microsoft\EdgeUpdate\MicrosoftEdgeUpdate.exe","6916","NT AUTHORITY\SYSTEM",,,,,,"C:\Windows\SysWOW64\combase.dll","Microsoft Windows","Valid","true",,"b0b0756218392b8aa4b55ee5675ac962"
"2024-12-12 11:30:42","7",,,,"C:\Program Files (x86)\Microsoft\EdgeUpdate\MicrosoftEdgeUpdate.exe","6916","NT AUTHORITY\SYSTEM",,,,,,"C:\Windows\SysWOW64\gdi32.dll","Microsoft Windows","Valid","true",,"7fba843a9e21f13fdc7b6918675ac962"
"2024-12-12 11:30:42","7",,,,"C:\Program Files (x86)\Microsoft\EdgeUpdate\MicrosoftEdgeUpdate.exe","6916","NT AUTHORITY\SYSTEM",,,,,,"C:\Windows\SysWOW64\win32u.dll","Microsoft Windows","Valid","true",,"3df91ce97405546273b4cc16675ac962"
"2024-12-12 11:30:42","7",,,,"C:\Program Files (x86)\Microsoft\EdgeUpdate\MicrosoftEdgeUpdate.exe","6916","NT AUTHORITY\SYSTEM",,,,,,"C:\Windows\SysWOW64\gdi32full.dll","Microsoft Windows","Valid","true",,"72e04836a8d1daed40d05ff7675ac962"
"2024-12-12 11:30:42","7",,,,"C:\Program Files (x86)\Microsoft\EdgeUpdate\MicrosoftEdgeUpdate.exe","6916","NT AUTHORITY\SYSTEM",,,,,,"C:\Windows\SysWOW64\msvcp_win.dll","Microsoft Windows","Valid","true",,"71664f7ec206ff9b41b8b087675ac962"
"2024-12-12 11:30:42","7",,,,"C:\Program Files (x86)\Microsoft\EdgeUpdate\MicrosoftEdgeUpdate.exe","6916","NT AUTHORITY\SYSTEM",,,,,,"C:\Windows\SysWOW64\user32.dll","Microsoft Windows","Valid","true",,"09390f873ad3f6d551f50887675ac962"
"2024-12-12 11:30:42","7",,,,"C:\Program Files (x86)\Microsoft\EdgeUpdate\MicrosoftEdgeUpdate.exe","6916","NT AUTHORITY\SYSTEM",,,,,,"C:\Windows\SysWOW64\shell32.dll","Microsoft Windows","Valid","true",,"638eea225e310183fa22f487675ac962"
"2024-12-12 11:30:42","7",,,,"C:\Program Files (x86)\Microsoft\EdgeUpdate\MicrosoftEdgeUpdate.exe","6916","NT AUTHORITY\SYSTEM",,,,,,"C:\Windows\SysWOW64\windows.storage.dll","Microsoft Windows","Valid","true",,"d0eb1c948c807a996e4e589c675ac962"
"2024-12-12 11:30:42","7",,,,"C:\Program Files (x86)\Microsoft\EdgeUpdate\MicrosoftEdgeUpdate.exe","6916","NT AUTHORITY\SYSTEM",,,,,,"C:\Windows\SysWOW64\wldp.dll","Microsoft Windows","Valid","true",,"e05fa2ebdf895efc3dd46f98675ac962"
"2024-12-12 11:30:42","7",,,,"C:\Program Files (x86)\Microsoft\EdgeUpdate\MicrosoftEdgeUpdate.exe","6916","NT AUTHORITY\SYSTEM",,,,,,"C:\Windows\SysWOW64\msvcrt.dll","Microsoft Windows","Valid","true",,"3b2ee6119794623d48c917fd675ac962"
"2024-12-12 11:30:42","7",,,,"C:\Program Files (x86)\Microsoft\EdgeUpdate\MicrosoftEdgeUpdate.exe","6916","NT AUTHORITY\SYSTEM",,,,,,"C:\Windows\SysWOW64\advapi32.dll","Microsoft Windows","Valid","true",,"20aebfc48de4a272020bf031675ac962"
"2024-12-12 11:30:42","7",,,,"C:\Program Files (x86)\Microsoft\EdgeUpdate\MicrosoftEdgeUpdate.exe","6916","NT AUTHORITY\SYSTEM",,,,,,"C:\Windows\SysWOW64\sechost.dll","Microsoft Windows","Valid","true",,"4b19b54c24e511d541379f41675ac962"
"2024-12-12 11:30:42","7",,,,"C:\Program Files (x86)\Microsoft\EdgeUpdate\MicrosoftEdgeUpdate.exe","6916","NT AUTHORITY\SYSTEM",,,,,,"C:\Windows\SysWOW64\bcrypt.dll","Microsoft Windows","Valid","true",,"d7fb59f799f09dc3962fafa7675ac962"
"2024-12-12 11:30:42","7",,,,"C:\Program Files (x86)\Microsoft\EdgeUpdate\MicrosoftEdgeUpdate.exe","6916","NT AUTHORITY\SYSTEM",,,,,,"C:\Windows\SysWOW64\oleaut32.dll","Microsoft Windows","Valid","true",,"1fd1e70e55147efd9d764f97675ac962"
"2024-12-12 11:30:42","7",,,,"C:\Program Files (x86)\Microsoft\EdgeUpdate\MicrosoftEdgeUpdate.exe","6916","NT AUTHORITY\SYSTEM",,,,,,"C:\Windows\SysWOW64\SHCore.dll","Microsoft Windows","Valid","true",,"a4b055ab4ea44133c33611ce675ac962"
"2024-12-12 11:30:42","7",,,,"C:\Program Files (x86)\Microsoft\EdgeUpdate\MicrosoftEdgeUpdate.exe","6916","NT AUTHORITY\SYSTEM",,,,,,"C:\Windows\SysWOW64\shlwapi.dll","Microsoft Windows","Valid","true",,"d6cd5421eb9ead9a4aa66294675ac962"
"2024-12-12 11:30:42","7",,,,"C:\Program Files (x86)\Microsoft\EdgeUpdate\MicrosoftEdgeUpdate.exe","6916","NT AUTHORITY\SYSTEM",,,,,,"C:\Program Files (x86)\Microsoft\EdgeUpdate\1.3.195.39\msedgeupdate.dll","Microsoft Corporation","Valid","true",,"417d6c8f3bdfd2df4f0990b2675ac962"
"2024-12-12 11:30:42","7",,,,"C:\Program Files (x86)\Microsoft\EdgeUpdate\MicrosoftEdgeUpdate.exe","6916","NT AUTHORITY\SYSTEM",,,,,,"C:\Windows\SysWOW64\netapi32.dll","Microsoft Windows","Valid","true",,"fc7bffb991f549228095459b675ac962"
"2024-12-12 11:30:42","7",,,,"C:\Program Files (x86)\Microsoft\EdgeUpdate\MicrosoftEdgeUpdate.exe","6916","NT AUTHORITY\SYSTEM",,,,,,"C:\Windows\SysWOW64\wtsapi32.dll","Microsoft Windows","Valid","true",,"6b24654a285f3af8ffebf7ca675ac962"
"2024-12-12 11:30:42","7",,,,"C:\Program Files (x86)\Microsoft\EdgeUpdate\MicrosoftEdgeUpdate.exe","6916","NT AUTHORITY\SYSTEM",,,,,,"C:\Windows\SysWOW64\version.dll","Microsoft Windows","Valid","true",,"89d66bb54a9ca2f62367a275675ac962"
"2024-12-12 11:30:42","7",,,,"C:\Program Files (x86)\Microsoft\EdgeUpdate\MicrosoftEdgeUpdate.exe","6916","NT AUTHORITY\SYSTEM",,,,,,"C:\Windows\SysWOW64\netutils.dll","Microsoft Windows","Valid","true",,"d6dd84e49f2bf34c45c46eca675ac962"
"2024-12-12 11:30:42","7",,,,"C:\Program Files (x86)\Microsoft\EdgeUpdate\MicrosoftEdgeUpdate.exe","6916","NT AUTHORITY\SYSTEM",,,,,,"C:\Windows\SysWOW64\wkscli.dll","Microsoft Windows","Valid","true",,"872036db40d0c403cbb0bc79675ac962"
"2024-12-12 11:30:42","7",,,,"C:\Program Files (x86)\Microsoft\EdgeUpdate\MicrosoftEdgeUpdate.exe","6916","NT AUTHORITY\SYSTEM",,,,,,"C:\Windows\SysWOW64\profapi.dll","Microsoft Windows","Valid","true",,"ad3a5cdcbf194449ffa1d627675ac962"
"2024-12-12 11:30:42","7",,,,"C:\Program Files (x86)\Microsoft\EdgeUpdate\MicrosoftEdgeUpdate.exe","6916","NT AUTHORITY\SYSTEM",,,,,,"C:\Windows\SysWOW64\dsreg.dll","Microsoft Windows","Valid","true",,"d274ee211e65b660339ecb90675ac962"
"2024-12-12 11:30:42","7",,,,"C:\Program Files (x86)\Microsoft\EdgeUpdate\MicrosoftEdgeUpdate.exe","6916","NT AUTHORITY\SYSTEM",,,,,,"C:\Windows\SysWOW64\msvcp110_win.dll","Microsoft Windows","Valid","true",,"a8cc47ab32081ef1b72afa46675ac962"
"2024-12-12 11:30:42","7",,,,"C:\Program Files (x86)\Microsoft\EdgeUpdate\MicrosoftEdgeUpdate.exe","6916","NT AUTHORITY\SYSTEM",,,,,,"C:\Windows\SysWOW64\cryptsp.dll","Microsoft Windows","Valid","true",,"50168bdb12360ab6d3f5f92a675ac962"
"2024-12-12 11:30:42","7",,,,"C:\Program Files (x86)\Microsoft\EdgeUpdate\MicrosoftEdgeUpdate.exe","6916","NT AUTHORITY\SYSTEM",,,,,,"C:\Windows\SysWOW64\crypt32.dll","Microsoft Windows","Valid","true",,"0321d35fc0538454085b25f8675ac962"
"2024-12-12 11:30:42","7",,,,"C:\Program Files (x86)\Microsoft\EdgeUpdate\MicrosoftEdgeUpdate.exe","6916","NT AUTHORITY\SYSTEM",,,,,,"C:\Windows\SysWOW64\kernel.appcore.dll","Microsoft Windows","Valid","true",,"f0770308b572d595c5013a29675ac962"
"2024-12-12 11:30:42","7",,,,"C:\Program Files (x86)\Microsoft\EdgeUpdate\MicrosoftEdgeUpdate.exe","6916","NT AUTHORITY\SYSTEM",,,,,,"C:\Windows\SysWOW64\bcryptprimitives.dll","Microsoft Windows","Valid","true",,"b512a14f06f494ca33f9a32e675ac962"
"2024-12-12 11:30:42","7",,,,"C:\Program Files (x86)\Microsoft\EdgeUpdate\MicrosoftEdgeUpdate.exe","6916","NT AUTHORITY\SYSTEM",,,,,,"C:\Windows\SysWOW64\clbcatq.dll","Microsoft Windows","Valid","true",,"6fed1d36d8c15c54070a5178675ac962"
"2024-12-12 11:30:42","7",,,,"C:\Program Files (x86)\Microsoft\EdgeUpdate\MicrosoftEdgeUpdate.exe","6916","NT AUTHORITY\SYSTEM",,,,,,"C:\Program Files (x86)\Microsoft\EdgeUpdate\1.3.195.39\psmachine.dll","Microsoft Corporation","Valid","true",,"4cc1c90d534f9dc3047fb312675ac962"
"2024-12-12 11:30:42","7",,,,"C:\Program Files (x86)\Microsoft\EdgeUpdate\MicrosoftEdgeUpdate.exe","1336","NT AUTHORITY\SYSTEM",,,,,,"C:\Program Files (x86)\Microsoft\EdgeUpdate\1.3.195.39\psmachine.dll","Microsoft Corporation","Valid","true",,"a5af415e87ffb30b993898bb675ac962"
"2024-12-12 11:30:42","7",,,,"C:\Program Files (x86)\Microsoft\EdgeUpdate\MicrosoftEdgeUpdate.exe","1336","NT AUTHORITY\SYSTEM",,,,,,"C:\Windows\SysWOW64\atlthunk.dll","Microsoft Windows","Valid","true",,"746795a6142aee69bfcf31b6675ac962"
"2024-12-12 11:30:42","7",,,,"C:\Program Files (x86)\Microsoft\EdgeUpdate\MicrosoftEdgeUpdate.exe","6916","NT AUTHORITY\SYSTEM",,,,,,"C:\Windows\SysWOW64\SystemSettings.DataModel.dll","Microsoft Windows","Valid","true",,"d658f825f46b9ee23ac6a62f675ac962"
"2024-12-12 11:30:42","7",,,,"C:\Program Files (x86)\Microsoft\EdgeUpdate\MicrosoftEdgeUpdate.exe","6916","NT AUTHORITY\SYSTEM",,,,,,"C:\Windows\SysWOW64\userenv.dll","Microsoft Windows","Valid","true",,"bb0dd0c2efc460c163132ad9675ac962"
"2024-12-12 11:30:42","7",,,,"C:\Program Files (x86)\Microsoft\EdgeUpdate\MicrosoftEdgeUpdate.exe","6916","NT AUTHORITY\SYSTEM",,,,,,"C:\Windows\SysWOW64\sspicli.dll","Microsoft Windows","Valid","true",,"96e4e5b5f5eee328c421ffe5675ac962"
"2024-12-12 11:30:42","7",,,,"C:\Program Files (x86)\Microsoft\EdgeUpdate\MicrosoftEdgeUpdate.exe","6916","NT AUTHORITY\SYSTEM",,,,,,"C:\Windows\SysWOW64\OneCoreUAPCommonProxyStub.dll","Microsoft Windows","Valid","true",,"e0dab589fa1dc10d749599a8675ac962"
"2024-12-12 11:30:42","7",,,,"C:\Program Files (x86)\Microsoft\EdgeUpdate\MicrosoftEdgeUpdate.exe","6916","NT AUTHORITY\SYSTEM",,,,,,"C:\Windows\SysWOW64\cfgmgr32.dll","Microsoft Windows","Valid","true",,"93bcc6137b2eaaf70d600536675ac962"
"2024-12-12 11:30:42","7",,,,"C:\Program Files (x86)\Microsoft\EdgeUpdate\MicrosoftEdgeUpdate.exe","6916","NT AUTHORITY\SYSTEM",,,,,,"C:\Windows\SysWOW64\StructuredQuery.dll","Microsoft Windows","Valid","true",,"f18b65f635fea255f24824c5675ac962"
"2024-12-12 11:30:42","7",,,,"C:\Program Files (x86)\Microsoft\EdgeUpdate\MicrosoftEdgeUpdate.exe","6916","NT AUTHORITY\SYSTEM",,,,,,"C:\Windows\SysWOW64\propsys.dll","Microsoft Windows","Valid","true",,"efbb9089412062af0423b7e8675ac962"
"2024-12-12 11:30:42","7",,,,"C:\Program Files (x86)\Microsoft\EdgeUpdate\MicrosoftEdgeUpdate.exe","6916","NT AUTHORITY\SYSTEM",,,,,,"C:\Windows\SysWOW64\Windows.StateRepositoryPS.dll","Microsoft Windows","Valid","true",,"0659337048c14b2b12b36af5675ac962"
"2024-12-12 11:30:42","7",,,,"C:\Program Files (x86)\Microsoft\EdgeUpdate\MicrosoftEdgeUpdate.exe","6916","NT AUTHORITY\SYSTEM",,,,,,"C:\Windows\SysWOW64\Windows.Storage.Search.dll","Microsoft Windows","Valid","true",,"1c68c7ecadafc79ff7252982675ac962"
"2024-12-12 11:30:42","7",,,,"C:\Program Files (x86)\Microsoft\EdgeUpdate\MicrosoftEdgeUpdate.exe","6916","NT AUTHORITY\SYSTEM",,,,,,"C:\Windows\SysWOW64\mssprxy.dll","Microsoft Windows","Valid","true",,"bf8be02a78a262bcc452c7f4675ac962"
"2024-12-12 11:30:42","7",,,,"C:\Program Files (x86)\Microsoft\EdgeUpdate\MicrosoftEdgeUpdate.exe","6916","NT AUTHORITY\SYSTEM",,,,,,"C:\Windows\SysWOW64\edputil.dll","Microsoft Windows","Valid","true",,"327af15880ec76d9466aacca675ac962"
"2024-12-12 11:30:42","7",,,,"C:\Program Files (x86)\Microsoft\EdgeUpdate\MicrosoftEdgeUpdate.exe","6916","NT AUTHORITY\SYSTEM",,,,,,"C:\Windows\SysWOW64\WinTypes.dll","Microsoft Windows","Valid","true",,"42e9942735717f0d8e8c0c61675ac962"
"2024-12-12 11:30:42","7",,,,"C:\Program Files (x86)\Microsoft\EdgeUpdate\MicrosoftEdgeUpdate.exe","6916","NT AUTHORITY\SYSTEM",,,,,,"C:\Windows\SysWOW64\Windows.Web.dll","Microsoft Windows","Valid","true",,"34f16c76bff461ecb7fcac61675ac962"
"2024-12-12 11:30:42","7",,,,"C:\Program Files (x86)\Microsoft\EdgeUpdate\MicrosoftEdgeUpdate.exe","6916","NT AUTHORITY\SYSTEM",,,,,,"C:\Windows\SysWOW64\iertutil.dll","Microsoft Windows","Valid","true",,"45d1ec31a0c32baa498d6576675ac962"
"2024-12-12 11:30:42","7",,,,"C:\Program Files (x86)\Microsoft\EdgeUpdate\MicrosoftEdgeUpdate.exe","6916","NT AUTHORITY\SYSTEM",,,,,,"C:\Windows\SysWOW64\srvcli.dll","Microsoft Windows","Valid","true",,"5e48971ed25ad00eba0bf21d675ac962"
"2024-12-12 11:30:42","7",,,,"C:\Program Files (x86)\Microsoft\EdgeUpdate\MicrosoftEdgeUpdate.exe","6916","NT AUTHORITY\SYSTEM",,,,,,"C:\Windows\SysWOW64\linkinfo.dll","Microsoft Windows","Valid","true",,"bf9db4523e4813c928975bc8675ac962"
"2024-12-12 11:30:42","7",,,,"C:\Program Files (x86)\Microsoft\EdgeUpdate\MicrosoftEdgeUpdate.exe","6916","NT AUTHORITY\SYSTEM",,,,,,"C:\Windows\SysWOW64\winsta.dll","Microsoft Windows","Valid","true",,"4c20e04d1dcbc315cfdea362675ac962"
"2024-12-12 11:30:42","7",,,,"C:\Program Files (x86)\Microsoft\EdgeUpdate\MicrosoftEdgeUpdate.exe","6916","NT AUTHORITY\SYSTEM",,,,,,"C:\Windows\SysWOW64\gpapi.dll","Microsoft Windows","Valid","true",,"d199afd11eeb7cfb2c553adc675ac962"
"2024-12-12 11:30:42","7",,,,"C:\Program Files (x86)\Microsoft\EdgeUpdate\MicrosoftEdgeUpdate.exe","6916","NT AUTHORITY\SYSTEM",,,,,,"C:\Windows\SysWOW64\ws2_32.dll","Microsoft Windows","Valid","true",,"3643bc3083e754d907a37e34675ac962"
"2024-12-12 11:30:42","7",,,,"C:\Program Files (x86)\Microsoft\EdgeUpdate\MicrosoftEdgeUpdate.exe","6916","NT AUTHORITY\SYSTEM",,,,,,"C:\Windows\SysWOW64\msxml6.dll","Microsoft Windows","Valid","true",,"c59a09d44d492c810d1e4d3e675ac962"
"2024-12-12 11:30:42","7",,,,"C:\Program Files (x86)\Microsoft\EdgeUpdate\MicrosoftEdgeUpdate.exe","6916","NT AUTHORITY\SYSTEM",,,,,,"C:\Windows\SysWOW64\winhttp.dll","Microsoft Windows","Valid","true",,"81510b794fec062fd555bf08675ac962"
"2024-12-12 11:30:42","7",,,,"C:\Program Files (x86)\Microsoft\EdgeUpdate\MicrosoftEdgeUpdate.exe","6916","NT AUTHORITY\SYSTEM",,,,,,"C:\Windows\SysWOW64\OnDemandConnRouteHelper.dll","Microsoft Windows","Valid","true",,"fe0a72a9bdd6698023bfa989675ac962"
"2024-12-12 11:30:42","7",,,,"C:\Program Files (x86)\Microsoft\EdgeUpdate\MicrosoftEdgeUpdate.exe","6916","NT AUTHORITY\SYSTEM",,,,,,"C:\Windows\SysWOW64\IPHLPAPI.DLL","Microsoft Windows","Valid","true",,"20c92e289f46719925b0df11675ac962"
"2024-12-12 11:30:42","7",,,,"C:\Program Files (x86)\Microsoft\EdgeUpdate\MicrosoftEdgeUpdate.exe","6916","NT AUTHORITY\SYSTEM",,,,,,"C:\Windows\SysWOW64\nsi.dll","Microsoft Windows","Valid","true",,"fc8ccc2d76583eb963832fc6675ac962"
"2024-12-12 11:30:42","7",,,,"C:\Program Files (x86)\Microsoft\EdgeUpdate\MicrosoftEdgeUpdate.exe","6916","NT AUTHORITY\SYSTEM",,,,,,"C:\Windows\SysWOW64\dhcpcsvc6.dll","Microsoft Windows","Valid","true",,"e830f43b1f2f2a70fadbb000675ac962"
"2024-12-12 11:30:42","7",,,,"C:\Program Files (x86)\Microsoft\EdgeUpdate\MicrosoftEdgeUpdate.exe","6916","NT AUTHORITY\SYSTEM",,,,,,"C:\Windows\SysWOW64\dhcpcsvc.dll","Microsoft Windows","Valid","true",,"d14aa5f2d070f72427b7b8d3675ac962"
"2024-12-12 11:30:42","7",,,,"C:\Program Files (x86)\Microsoft\EdgeUpdate\MicrosoftEdgeUpdate.exe","6916","NT AUTHORITY\SYSTEM",,,,,,"C:\Windows\SysWOW64\webio.dll","Microsoft Windows","Valid","true",,"444d1e841ffd5bbc968e6190675ac962"
"2024-12-12 11:30:42","7",,,,"C:\Program Files (x86)\Microsoft\EdgeUpdate\MicrosoftEdgeUpdate.exe","6916","NT AUTHORITY\SYSTEM",,,,,,"C:\Windows\SysWOW64\mswsock.dll","Microsoft Windows","Valid","true",,"3c1f3cbc2d4d7b48ec3ef838675ac962"
"2024-12-12 11:30:42","7",,,,"C:\Program Files (x86)\Microsoft\EdgeUpdate\MicrosoftEdgeUpdate.exe","6916","NT AUTHORITY\SYSTEM",,,,,,"C:\Windows\SysWOW64\winnsi.dll","Microsoft Windows","Valid","true",,"984fa675972e1f525c3f4739675ac962"
"2024-12-12 11:30:42","7",,,,"C:\Program Files (x86)\Microsoft\EdgeUpdate\MicrosoftEdgeUpdate.exe","6916","NT AUTHORITY\SYSTEM",,,,,,"C:\Windows\SysWOW64\dnsapi.dll","Microsoft Windows","Valid","true",,"a4fa1726a599d85bef8b52f5675ac962"
"2024-12-12 11:30:42","7",,,,"C:\Program Files (x86)\Microsoft\EdgeUpdate\MicrosoftEdgeUpdate.exe","6916","NT AUTHORITY\SYSTEM",,,,,,"C:\Windows\SysWOW64\rasadhlp.dll","Microsoft Windows","Valid","true",,"a22cda1180484e0d98851591675ac962"
"2024-12-12 11:30:42","7",,,,"C:\Program Files (x86)\Microsoft\EdgeUpdate\MicrosoftEdgeUpdate.exe","6916","NT AUTHORITY\SYSTEM",,,,,,"C:\Windows\SysWOW64\FWPUCLNT.DLL","Microsoft Windows","Valid","true",,"1bf0e32da5be332f98559ee2675ac962"
"2024-12-12 11:30:42","7",,,,"C:\Program Files (x86)\Microsoft\EdgeUpdate\MicrosoftEdgeUpdate.exe","6916","NT AUTHORITY\SYSTEM",,,,,,"C:\Windows\SysWOW64\schannel.dll","Microsoft Windows","Valid","true",,"89b89793dc546b3f4f9c80ec675ac962"
"2024-12-12 11:30:42","7",,,,"C:\Program Files (x86)\Microsoft\EdgeUpdate\MicrosoftEdgeUpdate.exe","6916","NT AUTHORITY\SYSTEM",,,,,,"C:\Windows\SysWOW64\mskeyprotect.dll","Microsoft Windows","Valid","true",,"d4898e54c66d5d908d2d1996675ac962"
"2024-12-12 11:30:42","7",,,,"C:\Program Files (x86)\Microsoft\EdgeUpdate\MicrosoftEdgeUpdate.exe","6916","NT AUTHORITY\SYSTEM",,,,,,"C:\Windows\SysWOW64\msasn1.dll","Microsoft Windows","Valid","true",,"de335e3eadc905db14ad1472675ac962"
"2024-12-12 11:30:42","7",,,,"C:\Program Files (x86)\Microsoft\EdgeUpdate\MicrosoftEdgeUpdate.exe","6916","NT AUTHORITY\SYSTEM",,,,,,"C:\Windows\SysWOW64\ntasn1.dll","Microsoft Windows","Valid","true",,"9f7965852ddab2d7dcf5b0b5675ac962"
"2024-12-12 11:30:42","7",,,,"C:\Program Files (x86)\Microsoft\EdgeUpdate\MicrosoftEdgeUpdate.exe","6916","NT AUTHORITY\SYSTEM",,,,,,"C:\Windows\SysWOW64\ncrypt.dll","Microsoft Windows","Valid","true",,"75296a649c7215a5e95577a7675ac962"
"2024-12-12 11:30:42","7",,,,"C:\Program Files (x86)\Microsoft\EdgeUpdate\MicrosoftEdgeUpdate.exe","6916","NT AUTHORITY\SYSTEM",,,,,,"C:\Windows\SysWOW64\ncryptsslp.dll","Microsoft Windows","Valid","true",,"86a25b83c91431c6b17c0d86675ac962"
"2024-12-12 11:30:42","7",,,,"C:\Program Files (x86)\Microsoft\EdgeUpdate\MicrosoftEdgeUpdate.exe","1336","NT AUTHORITY\SYSTEM",,,,,,"C:\Windows\SysWOW64\SystemSettings.DataModel.dll","Microsoft Windows","Valid","true",,"21ca0b1a2600a5b4ed0d112d675ac962"
"2024-12-12 11:30:42","7",,,,"C:\Program Files (x86)\Microsoft\EdgeUpdate\MicrosoftEdgeUpdate.exe","1336","NT AUTHORITY\SYSTEM",,,,,,"C:\Windows\SysWOW64\userenv.dll","Microsoft Windows","Valid","true",,"29bc51a51cdfa98beb2175b1675ac962"
"2024-12-12 11:30:42","7",,,,"C:\Program Files (x86)\Microsoft\EdgeUpdate\MicrosoftEdgeUpdate.exe","1336","NT AUTHORITY\SYSTEM",,,,,,"C:\Windows\SysWOW64\OneCoreUAPCommonProxyStub.dll","Microsoft Windows","Valid","true",,"6d6dd1542565f15d597cfbf1675ac962"
"2024-12-12 11:30:42","7",,,,"C:\Program Files (x86)\Microsoft\EdgeUpdate\MicrosoftEdgeUpdate.exe","4772","NT AUTHORITY\SYSTEM",,,,,,"C:\Program Files (x86)\Microsoft\EdgeUpdate\MicrosoftEdgeUpdate.exe","Microsoft Corporation","Valid","true",,"5ecbaffd5d634decede32ade675ac962"
"2024-12-12 11:30:42","7",,,,"C:\Program Files (x86)\Microsoft\EdgeUpdate\MicrosoftEdgeUpdate.exe","4772","NT AUTHORITY\SYSTEM",,,,,,"C:\Windows\System32\ntdll.dll","Microsoft Windows","Valid","true",,"8432d247f15e9acca75d2b5d675ac962"
"2024-12-12 11:30:42","7",,,,"C:\Program Files (x86)\Microsoft\EdgeUpdate\MicrosoftEdgeUpdate.exe","4772","NT AUTHORITY\SYSTEM",,,,,,"C:\Windows\SysWOW64\ntdll.dll","Microsoft Windows","Valid","true",,"7ce10faebc83a15065c6edf2675ac962"
"2024-12-12 11:30:42","7",,,,"C:\Program Files (x86)\Microsoft\EdgeUpdate\MicrosoftEdgeUpdate.exe","4772","NT AUTHORITY\SYSTEM",,,,,,"C:\Windows\System32\wow64.dll","Microsoft Windows","Valid","true",,"dcf8b586cb9829e88a2e424a675ac962"
"2024-12-12 11:30:42","7",,,,"C:\Program Files (x86)\Microsoft\EdgeUpdate\MicrosoftEdgeUpdate.exe","4772","NT AUTHORITY\SYSTEM",,,,,,"C:\Windows\System32\wow64win.dll","Microsoft Windows","Valid","true",,"0064926ec15de3122d6b4d23675ac962"
"2024-12-12 11:30:42","7",,,,"C:\Program Files (x86)\Microsoft\EdgeUpdate\MicrosoftEdgeUpdate.exe","6916","NT AUTHORITY\SYSTEM",,,,,,"C:\Windows\SysWOW64\dpapi.dll","Microsoft Windows","Valid","true",,"d6b64445b36ec49cb7191f82675ac962"
"2024-12-12 11:30:42","7",,,,"C:\Program Files (x86)\Microsoft\EdgeUpdate\MicrosoftEdgeUpdate.exe","4772","NT AUTHORITY\SYSTEM",,,,,,"C:\Windows\System32\wow64cpu.dll","Microsoft Windows","Valid","true",,"41ec88c5da63175eef57e320675ac962"
"2024-12-12 11:30:42","7",,,,"C:\Program Files (x86)\Microsoft\EdgeUpdate\MicrosoftEdgeUpdate.exe","4772","NT AUTHORITY\SYSTEM",,,,,,"C:\Windows\SysWOW64\kernel32.dll","Microsoft Windows","Valid","true",,"f45d110a7b5e2ab372236ea3675ac962"
"2024-12-12 11:30:42","7",,,,"C:\Program Files (x86)\Microsoft\EdgeUpdate\MicrosoftEdgeUpdate.exe","4772","NT AUTHORITY\SYSTEM",,,,,,"C:\Windows\SysWOW64\KernelBase.dll","Microsoft Windows","Valid","true",,"7b7fed25ae88c2baa7c0a611675ac962"
"2024-12-12 11:30:42","7",,,,"C:\Program Files (x86)\Microsoft\EdgeUpdate\MicrosoftEdgeUpdate.exe","4772","NT AUTHORITY\SYSTEM",,,,,,"C:\Windows\SysWOW64\ole32.dll","Microsoft Windows","Valid","true",,"9ed07a0229bb1b79bb326229675ac962"
"2024-12-12 11:30:42","7",,,,"C:\Program Files (x86)\Microsoft\EdgeUpdate\MicrosoftEdgeUpdate.exe","4772","NT AUTHORITY\SYSTEM",,,,,,"C:\Windows\SysWOW64\ucrtbase.dll","Microsoft Windows","Valid","true",,"9ed7f068ef14d66f126aceb0675ac962"
"2024-12-12 11:30:42","7",,,,"C:\Program Files (x86)\Microsoft\EdgeUpdate\MicrosoftEdgeUpdate.exe","4772","NT AUTHORITY\SYSTEM",,,,,,"C:\Windows\SysWOW64\rpcrt4.dll","Microsoft Windows","Valid","true",,"0712786ac88cc6ccdf2863f0675ac962"
"2024-12-12 11:30:42","7",,,,"C:\Program Files (x86)\Microsoft\EdgeUpdate\MicrosoftEdgeUpdate.exe","4772","NT AUTHORITY\SYSTEM",,,,,,"C:\Windows\SysWOW64\combase.dll","Microsoft Windows","Valid","true",,"3e5287585f527ffb9b548047675ac962"
"2024-12-12 11:30:42","7",,,,"C:\Program Files (x86)\Microsoft\EdgeUpdate\MicrosoftEdgeUpdate.exe","4772","NT AUTHORITY\SYSTEM",,,,,,"C:\Windows\SysWOW64\gdi32.dll","Microsoft Windows","Valid","true",,"730c83f902b49c8d41ea8779675ac962"
"2024-12-12 11:30:42","7",,,,"C:\Program Files (x86)\Microsoft\EdgeUpdate\MicrosoftEdgeUpdate.exe","4772","NT AUTHORITY\SYSTEM",,,,,,"C:\Windows\SysWOW64\win32u.dll","Microsoft Windows","Valid","true",,"415e5557be4a6dfb1378af13675ac962"
"2024-12-12 11:30:42","7",,,,"C:\Program Files (x86)\Microsoft\EdgeUpdate\MicrosoftEdgeUpdate.exe","4772","NT AUTHORITY\SYSTEM",,,,,,"C:\Windows\SysWOW64\gdi32full.dll","Microsoft Windows","Valid","true",,"d597515b2c3796770a8ad69e675ac962"
"2024-12-12 11:30:42","7",,,,"C:\Program Files (x86)\Microsoft\EdgeUpdate\MicrosoftEdgeUpdate.exe","4772","NT AUTHORITY\SYSTEM",,,,,,"C:\Windows\SysWOW64\msvcp_win.dll","Microsoft Windows","Valid","true",,"6488f499ab3e06552398b140675ac962"
"2024-12-12 11:30:42","7",,,,"C:\Program Files (x86)\Microsoft\EdgeUpdate\MicrosoftEdgeUpdate.exe","4772","NT AUTHORITY\SYSTEM",,,,,,"C:\Windows\SysWOW64\user32.dll","Microsoft Windows","Valid","true",,"141e87bead8f93d763acedf3675ac962"
"2024-12-12 11:30:42","7",,,,"C:\Program Files (x86)\Microsoft\EdgeUpdate\MicrosoftEdgeUpdate.exe","4772","NT AUTHORITY\SYSTEM",,,,,,"C:\Windows\SysWOW64\shell32.dll","Microsoft Windows","Valid","true",,"b28b5ad425f3d79c87521d9a675ac962"
"2024-12-12 11:30:42","7",,,,"C:\Program Files (x86)\Microsoft\EdgeUpdate\MicrosoftEdgeUpdate.exe","4772","NT AUTHORITY\SYSTEM",,,,,,"C:\Windows\SysWOW64\windows.storage.dll","Microsoft Windows","Valid","true",,"f950d71f378ba85f7bb25ecb675ac962"
"2024-12-12 11:30:42","7",,,,"C:\Program Files (x86)\Microsoft\EdgeUpdate\MicrosoftEdgeUpdate.exe","4772","NT AUTHORITY\SYSTEM",,,,,,"C:\Windows\SysWOW64\wldp.dll","Microsoft Windows","Valid","true",,"c5832a35704d70692e138c22675ac962"
"2024-12-12 11:30:42","7",,,,"C:\Program Files (x86)\Microsoft\EdgeUpdate\MicrosoftEdgeUpdate.exe","4772","NT AUTHORITY\SYSTEM",,,,,,"C:\Windows\SysWOW64\msvcrt.dll","Microsoft Windows","Valid","true",,"96aee5430049e4588cbe9085675ac962"
"2024-12-12 11:30:42","7",,,,"C:\Program Files (x86)\Microsoft\EdgeUpdate\MicrosoftEdgeUpdate.exe","4772","NT AUTHORITY\SYSTEM",,,,,,"C:\Windows\SysWOW64\advapi32.dll","Microsoft Windows","Valid","true",,"e29cb2644d5a15a529787e10675ac962"
"2024-12-12 11:30:42","7",,,,"C:\Program Files (x86)\Microsoft\EdgeUpdate\MicrosoftEdgeUpdate.exe","4772","NT AUTHORITY\SYSTEM",,,,,,"C:\Windows\SysWOW64\sechost.dll","Microsoft Windows","Valid","true",,"cf4dc7a10c6b6c5c4189b3de675ac962"
"2024-12-12 11:30:42","7",,,,"C:\Program Files (x86)\Microsoft\EdgeUpdate\MicrosoftEdgeUpdate.exe","4772","NT AUTHORITY\SYSTEM",,,,,,"C:\Windows\SysWOW64\bcrypt.dll","Microsoft Windows","Valid","true",,"e41c96bd4258a3c126f9ccf7675ac962"
"2024-12-12 11:30:42","7",,,,"C:\Program Files (x86)\Microsoft\EdgeUpdate\MicrosoftEdgeUpdate.exe","4772","NT AUTHORITY\SYSTEM",,,,,,"C:\Windows\SysWOW64\oleaut32.dll","Microsoft Windows","Valid","true",,"f906a5cc297a65094f5124bd675ac962"
"2024-12-12 11:30:42","7",,,,"C:\Program Files (x86)\Microsoft\EdgeUpdate\MicrosoftEdgeUpdate.exe","4772","NT AUTHORITY\SYSTEM",,,,,,"C:\Windows\SysWOW64\SHCore.dll","Microsoft Windows","Valid","true",,"ec29af68aa488b1c00519202675ac962"
"2024-12-12 11:30:42",,"C:\Program Files (x86)\Microsoft\EdgeUpdate\MicrosoftEdgeUpdate.exe",4772,,,,,,,,,,,,,,,"2b06ff948b28142715b48f1c675ac963"
"2024-12-12 11:30:40",,"C:\Program Files (x86)\Microsoft\EdgeUpdate\MicrosoftEdgeUpdate.exe",6916,"NT AUTHORITY\SYSTEM",,,,,,,,,,,,,,"9ff3af1ba4751c3bd253ecd5675ac960"
"2024-12-12 11:30:36","7",,,,"C:\Program Files (x86)\Microsoft\EdgeUpdate\MicrosoftEdgeUpdate.exe","1336","NT AUTHORITY\SYSTEM",,,,,,"C:\Program Files (x86)\Microsoft\EdgeUpdate\MicrosoftEdgeUpdate.exe","Microsoft Corporation","Valid","true",,"c97532c19846622c74ee5b30675ac95c"
"2024-12-12 11:30:36","7",,,,"C:\Program Files (x86)\Microsoft\EdgeUpdate\MicrosoftEdgeUpdate.exe","1336","NT AUTHORITY\SYSTEM",,,,,,"C:\Windows\System32\ntdll.dll","Microsoft Windows","Valid","true",,"daf6b45234745388b71b7423675ac95c"
"2024-12-12 11:30:36","7",,,,"C:\Program Files (x86)\Microsoft\EdgeUpdate\MicrosoftEdgeUpdate.exe","1336","NT AUTHORITY\SYSTEM",,,,,,"C:\Windows\SysWOW64\ntdll.dll","Microsoft Windows","Valid","true",,"50268620c43a5f8e785882ef675ac95c"
"2024-12-12 11:30:36","7",,,,"C:\Program Files (x86)\Microsoft\EdgeUpdate\MicrosoftEdgeUpdate.exe","1336","NT AUTHORITY\SYSTEM",,,,,,"C:\Windows\System32\wow64.dll","Microsoft Windows","Valid","true",,"0cddb41d94a224d5ba602dd6675ac95c"
"2024-12-12 11:30:36","7",,,,"C:\Program Files (x86)\Microsoft\EdgeUpdate\MicrosoftEdgeUpdate.exe","1336","NT AUTHORITY\SYSTEM",,,,,,"C:\Windows\System32\wow64win.dll","Microsoft Windows","Valid","true",,"a66afb914a2ba86989e4578a675ac95c"
"2024-12-12 11:30:36","7",,,,"C:\Program Files (x86)\Microsoft\EdgeUpdate\MicrosoftEdgeUpdate.exe","1336","NT AUTHORITY\SYSTEM",,,,,,"C:\Windows\System32\wow64cpu.dll","Microsoft Windows","Valid","true",,"197f76e76c511de62df56fbc675ac95c"
"2024-12-12 11:30:36","7",,,,"C:\Program Files (x86)\Microsoft\EdgeUpdate\MicrosoftEdgeUpdate.exe","1336","NT AUTHORITY\SYSTEM",,,,,,"C:\Windows\SysWOW64\kernel32.dll","Microsoft Windows","Valid","true",,"c0ca2151e08c58a731fac70a675ac95c"
"2024-12-12 11:30:36","7",,,,"C:\Program Files (x86)\Microsoft\EdgeUpdate\MicrosoftEdgeUpdate.exe","1336","NT AUTHORITY\SYSTEM",,,,,,"C:\Windows\SysWOW64\KernelBase.dll","Microsoft Windows","Valid","true",,"cfde877ef47f7552d7a827d9675ac95c"
"2024-12-12 11:30:36","7",,,,"C:\Program Files (x86)\Microsoft\EdgeUpdate\MicrosoftEdgeUpdate.exe","1336","NT AUTHORITY\SYSTEM",,,,,,"C:\Windows\SysWOW64\ole32.dll","Microsoft Windows","Valid","true",,"e6265ed9643d3cb3ac2732a4675ac95c"
"2024-12-12 11:30:36","7",,,,"C:\Program Files (x86)\Microsoft\EdgeUpdate\MicrosoftEdgeUpdate.exe","1336","NT AUTHORITY\SYSTEM",,,,,,"C:\Windows\SysWOW64\ucrtbase.dll","Microsoft Windows","Valid","true",,"8c6df04223416c5020598dfc675ac95c"
"2024-12-12 11:30:36","7",,,,"C:\Program Files (x86)\Microsoft\EdgeUpdate\MicrosoftEdgeUpdate.exe","1336","NT AUTHORITY\SYSTEM",,,,,,"C:\Windows\SysWOW64\rpcrt4.dll","Microsoft Windows","Valid","true",,"e30cbc0993f919d3f23aaea4675ac95c"
"2024-12-12 11:30:36","7",,,,"C:\Program Files (x86)\Microsoft\EdgeUpdate\MicrosoftEdgeUpdate.exe","1336","NT AUTHORITY\SYSTEM",,,,,,"C:\Windows\SysWOW64\combase.dll","Microsoft Windows","Valid","true",,"552bed08505ec2fe0ec39b91675ac95c"
"2024-12-12 11:30:36","7",,,,"C:\Program Files (x86)\Microsoft\EdgeUpdate\MicrosoftEdgeUpdate.exe","1336","NT AUTHORITY\SYSTEM",,,,,,"C:\Windows\SysWOW64\gdi32.dll","Microsoft Windows","Valid","true",,"40e2997284f6792cc5ca6855675ac95c"
"2024-12-12 11:30:36","7",,,,"C:\Program Files (x86)\Microsoft\EdgeUpdate\MicrosoftEdgeUpdate.exe","1336","NT AUTHORITY\SYSTEM",,,,,,"C:\Windows\SysWOW64\win32u.dll","Microsoft Windows","Valid","true",,"bd4d7f268c707b4a399f6765675ac95c"
"2024-12-12 11:30:36","7",,,,"C:\Program Files (x86)\Microsoft\EdgeUpdate\MicrosoftEdgeUpdate.exe","1336","NT AUTHORITY\SYSTEM",,,,,,"C:\Windows\SysWOW64\gdi32full.dll","Microsoft Windows","Valid","true",,"f5f845c5d590810cbce5496f675ac95c"
"2024-12-12 11:30:36","7",,,,"C:\Program Files (x86)\Microsoft\EdgeUpdate\MicrosoftEdgeUpdate.exe","1336","NT AUTHORITY\SYSTEM",,,,,,"C:\Windows\SysWOW64\msvcp_win.dll","Microsoft Windows","Valid","true",,"80504872ad57eb28c71c31ef675ac95c"
"2024-12-12 11:30:36","7",,,,"C:\Program Files (x86)\Microsoft\EdgeUpdate\MicrosoftEdgeUpdate.exe","1336","NT AUTHORITY\SYSTEM",,,,,,"C:\Windows\SysWOW64\user32.dll","Microsoft Windows","Valid","true",,"f8d137aee9152974f03b297f675ac95c"
"2024-12-12 11:30:36","7",,,,"C:\Program Files (x86)\Microsoft\EdgeUpdate\MicrosoftEdgeUpdate.exe","1336","NT AUTHORITY\SYSTEM",,,,,,"C:\Windows\SysWOW64\shell32.dll","Microsoft Windows","Valid","true",,"55ce28da8576945e0b481936675ac95c"
"2024-12-12 11:30:36","7",,,,"C:\Program Files (x86)\Microsoft\EdgeUpdate\MicrosoftEdgeUpdate.exe","1336","NT AUTHORITY\SYSTEM",,,,,,"C:\Windows\SysWOW64\windows.storage.dll","Microsoft Windows","Valid","true",,"625b875116ff1d2dd94cefaa675ac95c"
"2024-12-12 11:30:36","7",,,,"C:\Program Files (x86)\Microsoft\EdgeUpdate\MicrosoftEdgeUpdate.exe","1336","NT AUTHORITY\SYSTEM",,,,,,"C:\Windows\SysWOW64\wldp.dll","Microsoft Windows","Valid","true",,"b368b9f7ab9892afb77c53a7675ac95c"
"2024-12-12 11:30:36","7",,,,"C:\Program Files (x86)\Microsoft\EdgeUpdate\MicrosoftEdgeUpdate.exe","1336","NT AUTHORITY\SYSTEM",,,,,,"C:\Windows\SysWOW64\msvcrt.dll","Microsoft Windows","Valid","true",,"60912f67388a13337ea969be675ac95c"
"2024-12-12 11:30:36","7",,,,"C:\Program Files (x86)\Microsoft\EdgeUpdate\MicrosoftEdgeUpdate.exe","1336","NT AUTHORITY\SYSTEM",,,,,,"C:\Windows\SysWOW64\advapi32.dll","Microsoft Windows","Valid","true",,"777342e14ca2d9ccf976ba3a675ac95c"
"2024-12-12 11:30:36","7",,,,"C:\Program Files (x86)\Microsoft\EdgeUpdate\MicrosoftEdgeUpdate.exe","1336","NT AUTHORITY\SYSTEM",,,,,,"C:\Windows\SysWOW64\sechost.dll","Microsoft Windows","Valid","true",,"69e6961ee057be27af7fdfd2675ac95c"
"2024-12-12 11:30:36","7",,,,"C:\Program Files (x86)\Microsoft\EdgeUpdate\MicrosoftEdgeUpdate.exe","1336","NT AUTHORITY\SYSTEM",,,,,,"C:\Windows\SysWOW64\bcrypt.dll","Microsoft Windows","Valid","true",,"46ae82779a5a24ec71d9f80b675ac95c"
"2024-12-12 11:30:36","7",,,,"C:\Program Files (x86)\Microsoft\EdgeUpdate\MicrosoftEdgeUpdate.exe","1336","NT AUTHORITY\SYSTEM",,,,,,"C:\Windows\SysWOW64\oleaut32.dll","Microsoft Windows","Valid","true",,"3f34c6c6ad20060e93de2c2f675ac95c"
"2024-12-12 11:30:36","7",,,,"C:\Program Files (x86)\Microsoft\EdgeUpdate\MicrosoftEdgeUpdate.exe","1336","NT AUTHORITY\SYSTEM",,,,,,"C:\Windows\SysWOW64\SHCore.dll","Microsoft Windows","Valid","true",,"afc1c0e18ca1f163b1a9fc2c675ac95c"
"2024-12-12 11:30:36","7",,,,"C:\Program Files (x86)\Microsoft\EdgeUpdate\MicrosoftEdgeUpdate.exe","1336","NT AUTHORITY\SYSTEM",,,,,,"C:\Windows\SysWOW64\shlwapi.dll","Microsoft Windows","Valid","true",,"dc85a6ae6a1e8163d8b6ce53675ac95c"
"2024-12-12 11:30:36","7",,,,"C:\Program Files (x86)\Microsoft\EdgeUpdate\MicrosoftEdgeUpdate.exe","1336","NT AUTHORITY\SYSTEM",,,,,,"C:\Program Files (x86)\Microsoft\EdgeUpdate\1.3.195.39\msedgeupdate.dll","Microsoft Corporation","Valid","true",,"b7712eb674624e9d8d029abf675ac95c"
"2024-12-12 11:30:36","7",,,,"C:\Program Files (x86)\Microsoft\EdgeUpdate\MicrosoftEdgeUpdate.exe","1336","NT AUTHORITY\SYSTEM",,,,,,"C:\Windows\SysWOW64\netapi32.dll","Microsoft Windows","Valid","true",,"59ecf0617200300074db0359675ac95c"
"2024-12-12 11:30:36","7",,,,"C:\Program Files (x86)\Microsoft\EdgeUpdate\MicrosoftEdgeUpdate.exe","1336","NT AUTHORITY\SYSTEM",,,,,,"C:\Windows\SysWOW64\version.dll","Microsoft Windows","Valid","true",,"41181423e9a55225a4236139675ac95c"
"2024-12-12 11:30:36","7",,,,"C:\Program Files (x86)\Microsoft\EdgeUpdate\MicrosoftEdgeUpdate.exe","1336","NT AUTHORITY\SYSTEM",,,,,,"C:\Windows\SysWOW64\wtsapi32.dll","Microsoft Windows","Valid","true",,"ee5f36fca68a99c45615bcc0675ac95c"
"2024-12-12 11:30:36","7",,,,"C:\Program Files (x86)\Microsoft\EdgeUpdate\MicrosoftEdgeUpdate.exe","1336","NT AUTHORITY\SYSTEM",,,,,,"C:\Windows\SysWOW64\netutils.dll","Microsoft Windows","Valid","true",,"1996a2a7dc3167c6df226a07675ac95c"
"2024-12-12 11:30:36","7",,,,"C:\Program Files (x86)\Microsoft\EdgeUpdate\MicrosoftEdgeUpdate.exe","1336","NT AUTHORITY\SYSTEM",,,,,,"C:\Windows\SysWOW64\wkscli.dll","Microsoft Windows","Valid","true",,"ae36b67d3628c59d730e808d675ac95c"
"2024-12-12 11:30:36","7",,,,"C:\Program Files (x86)\Microsoft\EdgeUpdate\MicrosoftEdgeUpdate.exe","1336","NT AUTHORITY\SYSTEM",,,,,,"C:\Windows\SysWOW64\profapi.dll","Microsoft Windows","Valid","true",,"0ff5387859212ed824ff2d02675ac95c"
"2024-12-12 11:30:36","7",,,,"C:\Program Files (x86)\Microsoft\EdgeUpdate\MicrosoftEdgeUpdate.exe","1336","NT AUTHORITY\SYSTEM",,,,,,"C:\Windows\SysWOW64\dsreg.dll","Microsoft Windows","Valid","true",,"1aa5ca973547f54f9826e45f675ac95c"
"2024-12-12 11:30:36","7",,,,"C:\Program Files (x86)\Microsoft\EdgeUpdate\MicrosoftEdgeUpdate.exe","1336","NT AUTHORITY\SYSTEM",,,,,,"C:\Windows\SysWOW64\msvcp110_win.dll","Microsoft Windows","Valid","true",,"4ae98dc0ca8100ac694e5659675ac95c"
"2024-12-12 11:30:36","7",,,,"C:\Program Files (x86)\Microsoft\EdgeUpdate\MicrosoftEdgeUpdate.exe","1336","NT AUTHORITY\SYSTEM",,,,,,"C:\Windows\SysWOW64\cryptsp.dll","Microsoft Windows","Valid","true",,"55da9d5e093499b716350023675ac95c"
"2024-12-12 11:30:36","7",,,,"C:\Program Files (x86)\Microsoft\EdgeUpdate\MicrosoftEdgeUpdate.exe","1336","NT AUTHORITY\SYSTEM",,,,,,"C:\Windows\SysWOW64\crypt32.dll","Microsoft Windows","Valid","true",,"c928ac7ddb2a57ce82a8e2e6675ac95c"
"2024-12-12 11:30:36","7",,,,"C:\Program Files (x86)\Microsoft\EdgeUpdate\MicrosoftEdgeUpdate.exe","1336","NT AUTHORITY\SYSTEM",,,,,,"C:\Windows\SysWOW64\kernel.appcore.dll","Microsoft Windows","Valid","true",,"32002c775a4bb540a4a2a64d675ac95c"
"2024-12-12 11:30:36","7",,,,"C:\Program Files (x86)\Microsoft\EdgeUpdate\MicrosoftEdgeUpdate.exe","1336","NT AUTHORITY\SYSTEM",,,,,,"C:\Windows\SysWOW64\bcryptprimitives.dll","Microsoft Windows","Valid","true",,"d6e8edae293475e40a3d4880675ac95c"
"2024-12-12 11:30:36","7",,,,"C:\Program Files (x86)\Microsoft\EdgeUpdate\MicrosoftEdgeUpdate.exe","1336","NT AUTHORITY\SYSTEM",,,,,,"C:\Windows\SysWOW64\winsta.dll","Microsoft Windows","Valid","true",,"6e08376d9d20f4351cfc11d8675ac95c"
"2024-12-12 11:30:36","7",,,,"C:\Program Files (x86)\Microsoft\EdgeUpdate\MicrosoftEdgeUpdate.exe","1336","NT AUTHORITY\SYSTEM",,,,,,"C:\Windows\SysWOW64\clbcatq.dll","Microsoft Windows","Valid","true",,"01cd1abb1a65d337cb0c22ec675ac95c"
"2024-12-12 11:30:36","7",,,,"C:\Program Files (x86)\Microsoft\EdgeUpdate\MicrosoftEdgeUpdate.exe","1336","NT AUTHORITY\SYSTEM",,,,,,"C:\Windows\SysWOW64\taskschd.dll","Microsoft Windows","Valid","true",,"e211577da627e2ede6fe19e3675ac95c"
"2024-12-12 11:30:36","7",,,,"C:\Program Files (x86)\Microsoft\EdgeUpdate\MicrosoftEdgeUpdate.exe","1336","NT AUTHORITY\SYSTEM",,,,,,"C:\Windows\SysWOW64\sspicli.dll","Microsoft Windows","Valid","true",,"a83530d827cd674f6cf09dbf675ac95c"
"2024-12-12 11:30:36","7",,,,"C:\Program Files (x86)\Microsoft\EdgeUpdate\MicrosoftEdgeUpdate.exe","1336","NT AUTHORITY\SYSTEM",,,,,,"C:\Windows\SysWOW64\cryptbase.dll","Microsoft Windows","Valid","true",,"f385ef027b7dfa1a45eaa0c8675ac95c"
"2024-12-12 11:30:34",,"C:\Program Files (x86)\Microsoft\EdgeUpdate\MicrosoftEdgeUpdate.exe",1336,"NT AUTHORITY\SYSTEM",,,,,,,,,,,,,,"4d5cdf8cc487b3098e760ec2675ac95a"
"2024-12-12 11:30:18","7",,,,"C:\Program Files (x86)\Microsoft\Edge\Application\msedge.exe","3904","HOMELAB\pparker",,,,,,"C:\Program Files (x86)\Microsoft\Edge\Application\msedge.exe","Microsoft Corporation","Valid","true",,"f6552c9154ae9bcaaa80024e675ac94a"
"2024-12-12 11:30:18","7",,,,"C:\Program Files (x86)\Microsoft\Edge\Application\msedge.exe","3904","HOMELAB\pparker",,,,,,"C:\Windows\System32\ntdll.dll","Microsoft Windows","Valid","true",,"f49b9830d0470771924c1f45675ac94a"
"2024-12-12 11:30:18","7",,,,"C:\Program Files (x86)\Microsoft\Edge\Application\msedge.exe","3904","HOMELAB\pparker",,,,,,"C:\Windows\System32\kernel32.dll","Microsoft Windows","Valid","true",,"4846bc049712562268d0c3f7675ac94a"
"2024-12-12 11:30:18","7",,,,"C:\Program Files (x86)\Microsoft\Edge\Application\msedge.exe","3904","HOMELAB\pparker",,,,,,"C:\Windows\System32\KernelBase.dll","Microsoft Windows","Valid","true",,"dff942977266d798ea283d03675ac94a"
"2024-12-12 11:30:18","7",,,,"C:\Program Files (x86)\Microsoft\Edge\Application\msedge.exe","3904","HOMELAB\pparker",,,,,,"C:\Program Files (x86)\Microsoft\Edge\Application\131.0.2903.86\msedge_elf.dll","Microsoft Corporation","Valid","true",,"730ed263d15c523621cc36d1675ac94a"
"2024-12-12 11:30:18","7",,,,"C:\Program Files (x86)\Microsoft\Edge\Application\msedge.exe","3904","HOMELAB\pparker",,,,,,"C:\Windows\System32\oleaut32.dll","Microsoft Windows","Valid","true",,"d5bf8d02657c0aa95a745e57675ac94a"
"2024-12-12 11:30:18","7",,,,"C:\Program Files (x86)\Microsoft\Edge\Application\msedge.exe","3904","HOMELAB\pparker",,,,,,"C:\Windows\System32\msvcp_win.dll","Microsoft Windows","Valid","true",,"55f363c030295354f61908e9675ac94a"
"2024-12-12 11:30:18","7",,,,"C:\Program Files (x86)\Microsoft\Edge\Application\msedge.exe","3904","HOMELAB\pparker",,,,,,"C:\Windows\System32\ucrtbase.dll","Microsoft Windows","Valid","true",,"7ce12a4b769b8313e481a6e8675ac94a"
"2024-12-12 11:30:18","7",,,,"C:\Program Files (x86)\Microsoft\Edge\Application\msedge.exe","3904","HOMELAB\pparker",,,,,,"C:\Windows\System32\combase.dll","Microsoft Windows","Valid","true",,"b7b34aa19c975b38d7f89018675ac94a"
"2024-12-12 11:30:18","7",,,,"C:\Program Files (x86)\Microsoft\Edge\Application\msedge.exe","3904","HOMELAB\pparker",,,,,,"C:\Windows\System32\rpcrt4.dll","Microsoft Windows","Valid","true",,"c14235b1e050c14f0d4f3551675ac94a"
"2024-12-12 11:30:18","7",,,,"C:\Program Files (x86)\Microsoft\Edge\Application\msedge.exe","3904","HOMELAB\pparker",,,,,,"C:\Windows\System32\bcryptprimitives.dll","Microsoft Windows","Valid","true",,"8a1ef3b9b0422c3a4f4c4d17675ac94a"
"2024-12-12 11:30:18","7",,,,"C:\Program Files (x86)\Microsoft\Edge\Application\msedge.exe","3904","HOMELAB\pparker",,,,,,"C:\Windows\System32\SHCore.dll","Microsoft Windows","Valid","true",,"049ddd723ba4d8dafe5c2bb9675ac94a"
"2024-12-12 11:30:18","7",,,,"C:\Program Files (x86)\Microsoft\Edge\Application\msedge.exe","3904","HOMELAB\pparker",,,,,,"C:\Windows\System32\msvcrt.dll","Microsoft Windows","Valid","true",,"015a457a3999eade8fdfe302675ac94a"
"2024-12-12 11:30:18","7",,,,"C:\Program Files (x86)\Microsoft\Edge\Application\msedge.exe","3904","HOMELAB\pparker",,,,,,"C:\Windows\System32\advapi32.dll","Microsoft Windows","Valid","true",,"6b6308f094f8b6e99b0be718675ac94a"
"2024-12-12 11:30:18","7",,,,"C:\Program Files (x86)\Microsoft\Edge\Application\msedge.exe","3904","HOMELAB\pparker",,,,,,"C:\Windows\System32\msvcrt.dll","Microsoft Windows","Valid","true",,"a774a7897234451a405c092b675ac94a"
"2024-12-12 11:30:18","7",,,,"C:\Program Files (x86)\Microsoft\Edge\Application\msedge.exe","3904","HOMELAB\pparker",,,,,,"C:\Windows\System32\sechost.dll","Microsoft Windows","Valid","true",,"d0fc18e6ab1bdbeb53b10143675ac94a"
"2024-12-12 11:30:18","7",,,,"C:\Program Files (x86)\Microsoft\Edge\Application\msedge.exe","3904","HOMELAB\pparker",,,,,,"C:\Windows\System32\bcrypt.dll","Microsoft Windows","Valid","true",,"ba24f5d3db36e06156e8a86d675ac94a"
"2024-12-12 11:30:18","7",,,,"C:\Program Files (x86)\Microsoft\Edge\Application\msedge.exe","3904","HOMELAB\pparker",,,,,,"C:\Program Files (x86)\Microsoft\Edge\Application\131.0.2903.86\msedge.dll","Microsoft Corporation","Valid","true",,"2cb0a41bcdb2e619d619d01a675ac94a"
"2024-12-12 11:30:18","7",,,,"C:\Program Files (x86)\Microsoft\Edge\Application\msedge.exe","3904","HOMELAB\pparker",,,,,,"C:\Windows\System32\winmm.dll","Microsoft Windows","Valid","true",,"a416443f34204651df927acd675ac94a"
"2024-12-12 11:30:18","7",,,,"C:\Program Files (x86)\Microsoft\Edge\Application\msedge.exe","3904","HOMELAB\pparker",,,,,,"C:\Windows\System32\shell32.dll","Microsoft Windows","Valid","true",,"726821e0580cbd06653de8c3675ac94a"
"2024-12-12 11:30:18","7",,,,"C:\Program Files (x86)\Microsoft\Edge\Application\msedge.exe","3904","HOMELAB\pparker",,,,,,"C:\Windows\System32\user32.dll","Microsoft Windows","Valid","true",,"64b909dbe25a7069d5b4c659675ac94a"
"2024-12-12 11:30:18","7",,,,"C:\Program Files (x86)\Microsoft\Edge\Application\msedge.exe","3904","HOMELAB\pparker",,,,,,"C:\Windows\System32\win32u.dll","Microsoft Windows","Valid","true",,"a94ed88fb17b97654884e1e3675ac94a"
"2024-12-12 11:30:18","7",,,,"C:\Program Files (x86)\Microsoft\Edge\Application\msedge.exe","3904","HOMELAB\pparker",,,,,,"C:\Windows\System32\gdi32.dll","Microsoft Windows","Valid","true",,"dce3568b3079b2bfb12cc756675ac94a"
"2024-12-12 11:30:18","7",,,,"C:\Program Files (x86)\Microsoft\Edge\Application\msedge.exe","3904","HOMELAB\pparker",,,,,,"C:\Windows\System32\gdi32full.dll","Microsoft Windows","Valid","true",,"87adb6dd2784b944f5cc6011675ac94a"
"2024-12-12 11:30:18","7",,,,"C:\Program Files (x86)\Microsoft\Edge\Application\msedge.exe","3904","HOMELAB\pparker",,,,,,"C:\Windows\System32\imm32.dll","Microsoft Windows","Valid","true",,"86bddfcc0e2089a063cd9ba1675ac94a"
"2024-12-12 11:30:17",,"C:\Program Files (x86)\Microsoft\Edge\Application\msedge.exe",3904,,,,,,,,,,,,,,,"ead5902ca1c96c6c54c239d3675ac94a"
"2024-12-12 11:30:14","7",,,,"C:\Program Files (x86)\Microsoft\Edge\Application\msedge.exe","6104","HOMELAB\pparker",,,,,,"C:\Program Files (x86)\Microsoft\Edge\Application\msedge.exe","Microsoft Corporation","Valid","true",,"d3f0c5a135015c2a32aa0f32675ac946"
"2024-12-12 11:30:14","7",,,,"C:\Program Files (x86)\Microsoft\Edge\Application\msedge.exe","6104","HOMELAB\pparker",,,,,,"C:\Windows\System32\ntdll.dll","Microsoft Windows","Valid","true",,"be800dfbf2a6e954e42a4f2b675ac946"
"2024-12-12 11:30:14","7",,,,"C:\Program Files (x86)\Microsoft\Edge\Application\msedge.exe","6104","HOMELAB\pparker",,,,,,"C:\Windows\System32\kernel32.dll","Microsoft Windows","Valid","true",,"03403166d82c5f1784482206675ac946"
"2024-12-12 11:30:14","7",,,,"C:\Program Files (x86)\Microsoft\Edge\Application\msedge.exe","6104","HOMELAB\pparker",,,,,,"C:\Windows\System32\KernelBase.dll","Microsoft Windows","Valid","true",,"83da7e62e24214be759382eb675ac946"
"2024-12-12 11:30:14","7",,,,"C:\Program Files (x86)\Microsoft\Edge\Application\msedge.exe","6104","HOMELAB\pparker",,,,,,"C:\Program Files (x86)\Microsoft\Edge\Application\131.0.2903.86\msedge_elf.dll","Microsoft Corporation","Valid","true",,"76b65201d4d67823f33929fe675ac946"
"2024-12-12 11:30:14","7",,,,"C:\Program Files (x86)\Microsoft\Edge\Application\msedge.exe","6104","HOMELAB\pparker",,,,,,"C:\Windows\System32\oleaut32.dll","Microsoft Windows","Valid","true",,"66b610f695063f8931e5fee4675ac946"
"2024-12-12 11:30:14","7",,,,"C:\Program Files (x86)\Microsoft\Edge\Application\msedge.exe","6104","HOMELAB\pparker",,,,,,"C:\Windows\System32\msvcp_win.dll","Microsoft Windows","Valid","true",,"2de9c0a225f7b23acf949296675ac946"
"2024-12-12 11:30:14","7",,,,"C:\Program Files (x86)\Microsoft\Edge\Application\msedge.exe","6104","HOMELAB\pparker",,,,,,"C:\Windows\System32\ucrtbase.dll","Microsoft Windows","Valid","true",,"c79bdd6faf4048201f50787c675ac946"
"2024-12-12 11:30:14","7",,,,"C:\Program Files (x86)\Microsoft\Edge\Application\msedge.exe","6104","HOMELAB\pparker",,,,,,"C:\Windows\System32\combase.dll","Microsoft Windows","Valid","true",,"f1766a553e59c4a2a5b4f7c7675ac946"
"2024-12-12 11:30:14","7",,,,"C:\Program Files (x86)\Microsoft\Edge\Application\msedge.exe","6104","HOMELAB\pparker",,,,,,"C:\Windows\System32\rpcrt4.dll","Microsoft Windows","Valid","true",,"e708af1ed2d21dda32c93da5675ac946"
"2024-12-12 11:30:14","7",,,,"C:\Program Files (x86)\Microsoft\Edge\Application\msedge.exe","6104","HOMELAB\pparker",,,,,,"C:\Windows\System32\bcryptprimitives.dll","Microsoft Windows","Valid","true",,"2a1880e06c75c1280b208acb675ac946"
"2024-12-12 11:30:14","7",,,,"C:\Program Files (x86)\Microsoft\Edge\Application\msedge.exe","6104","HOMELAB\pparker",,,,,,"C:\Windows\System32\SHCore.dll","Microsoft Windows","Valid","true",,"fadc294d1a52eef2f2b90de8675ac946"
"2024-12-12 11:30:14","7",,,,"C:\Program Files (x86)\Microsoft\Edge\Application\msedge.exe","6104","HOMELAB\pparker",,,,,,"C:\Windows\System32\msvcrt.dll","Microsoft Windows","Valid","true",,"8924344757e7c69a6334cc49675ac946"
"2024-12-12 11:30:14","7",,,,"C:\Program Files (x86)\Microsoft\Edge\Application\msedge.exe","6104","HOMELAB\pparker",,,,,,"C:\Windows\System32\advapi32.dll","Microsoft Windows","Valid","true",,"bb5c950ac3ec65509339bc4d675ac946"
"2024-12-12 11:30:14","7",,,,"C:\Program Files (x86)\Microsoft\Edge\Application\msedge.exe","6104","HOMELAB\pparker",,,,,,"C:\Windows\System32\msvcrt.dll","Microsoft Windows","Valid","true",,"70d65e79214d25473aa9a0e0675ac946"
"2024-12-12 11:30:14","7",,,,"C:\Program Files (x86)\Microsoft\Edge\Application\msedge.exe","6104","HOMELAB\pparker",,,,,,"C:\Windows\System32\sechost.dll","Microsoft Windows","Valid","true",,"7ccd3f03ed4accc344edeaa9675ac946"
"2024-12-12 11:30:14","7",,,,"C:\Program Files (x86)\Microsoft\Edge\Application\msedge.exe","6104","HOMELAB\pparker",,,,,,"C:\Windows\System32\bcrypt.dll","Microsoft Windows","Valid","true",,"79f5a95f418c9fe524a734eb675ac946"
"2024-12-12 11:30:14","7",,,,"C:\Program Files (x86)\Microsoft\Edge\Application\msedge.exe","6104","HOMELAB\pparker",,,,,,"C:\Program Files (x86)\Microsoft\Edge\Application\131.0.2903.86\msedge.dll","Microsoft Corporation","Valid","true",,"2e2c418f54bdf13038145ef3675ac946"
"2024-12-12 11:30:14","7",,,,"C:\Program Files (x86)\Microsoft\Edge\Application\msedge.exe","6104","HOMELAB\pparker",,,,,,"C:\Windows\System32\winmm.dll","Microsoft Windows","Valid","true",,"1fc84fa2ff2c59cb0fd28c50675ac946"
"2024-12-12 11:30:14","7",,,,"C:\Program Files (x86)\Microsoft\Edge\Application\msedge.exe","6104","HOMELAB\pparker",,,,,,"C:\Windows\System32\shell32.dll","Microsoft Windows","Valid","true",,"b299c041157c58b33dc68d9c675ac946"
"2024-12-12 11:30:14","7",,,,"C:\Program Files (x86)\Microsoft\Edge\Application\msedge.exe","6104","HOMELAB\pparker",,,,,,"C:\Windows\System32\user32.dll","Microsoft Windows","Valid","true",,"7221485da4373d628cffb837675ac946"
"2024-12-12 11:30:14","7",,,,"C:\Program Files (x86)\Microsoft\Edge\Application\msedge.exe","6104","HOMELAB\pparker",,,,,,"C:\Windows\System32\win32u.dll","Microsoft Windows","Valid","true",,"1367e1ad8e482abd40340254675ac946"
"2024-12-12 11:30:14","7",,,,"C:\Program Files (x86)\Microsoft\Edge\Application\msedge.exe","6104","HOMELAB\pparker",,,,,,"C:\Windows\System32\gdi32.dll","Microsoft Windows","Valid","true",,"bd2ba33ff6d4ebf0b74264ae675ac946"
"2024-12-12 11:30:14","7",,,,"C:\Program Files (x86)\Microsoft\Edge\Application\msedge.exe","6104","HOMELAB\pparker",,,,,,"C:\Windows\System32\gdi32full.dll","Microsoft Windows","Valid","true",,"bdfb313f4cafd31880596626675ac946"
"2024-12-12 11:30:14","7",,,,"C:\Program Files (x86)\Microsoft\Edge\Application\msedge.exe","6104","HOMELAB\pparker",,,,,,"C:\Windows\System32\imm32.dll","Microsoft Windows","Valid","true",,"b57f0c5642d066e05bd11eaa675ac946"
"2024-12-12 11:30:13",,"C:\Program Files (x86)\Microsoft\Edge\Application\msedge.exe",6104,,,,,,,,,,,,,,,"cdf7a549d9da5a8b1ae00311675ac946"
"2024-12-12 11:30:02","7",,,,"C:\Program Files (x86)\Microsoft\Edge\Application\msedge.exe","7468","HOMELAB\pparker",,,,,,"C:\Windows\System32\BitsProxy.dll","Microsoft Windows","Valid","true",,"46e5398c64959ccb00851f65675ac93a"
"2024-12-12 11:29:56",,"C:\Windows\System32\svchost.exe",3036,"NT AUTHORITY\SYSTEM",,,,,,,,,,,,,,"0fcf2075b4776472845c3dbb675ac935"
"2024-12-12 11:29:39",,"C:\Windows\system32\svchost.exe",5100,"NT AUTHORITY\SYSTEM",,,,,,,,,,,,,,"5c18ec924905e741203cb70b675ac923"
"2024-12-12 11:28:57","7",,,,"C:\Program Files (x86)\Microsoft\Edge\Application\msedge.exe","7468","HOMELAB\pparker",,,,,,"C:\Windows\System32\OneCoreCommonProxyStub.dll","Microsoft Windows","Valid","true",,"0cd9b14bcdd0dfa128e4d8fb675ac8f9"
"2024-12-12 11:28:57","7",,,,"C:\Program Files (x86)\Microsoft\Edge\Application\msedge.exe","7468","HOMELAB\pparker",,,,,,"C:\Windows\System32\vaultcli.dll","Microsoft Windows","Valid","true",,"0860709dd5b942ebc07830f2675ac8f9"
"2024-12-12 11:28:57","7",,,,"C:\Program Files (x86)\Microsoft\Edge\Application\msedge.exe","7468","HOMELAB\pparker",,,,,,"C:\Windows\System32\Windows.Web.dll","Microsoft Windows","Valid","true",,"bc537165f293eb76b26f58d2675ac8f9"
"2024-12-12 11:28:56",,"C:\Windows\system32\svchost.exe",5932,"NT AUTHORITY\SYSTEM",,,,,,,,,,,,,,"97268accaee224b5d37d2c0b675ac8f8"
"2024-12-12 11:28:56",,"C:\Windows\system32\BackgroundTaskHost.exe",220,,,,,,,,,,,,,,,"14abe8f2b81e9869b71cb571675ac8f9"
"2024-12-12 11:28:20","7",,,,"C:\Windows\explorer.exe","5604","HOMELAB\pparker",,,,,,"C:\Windows\System32\ExecModelClient.dll","Microsoft Windows","Valid","true",,"96bb267d4ec0a8aae202a790675ac8d4"
"2024-12-12 11:28:20","7",,,,"C:\Windows\explorer.exe","5604","HOMELAB\pparker",,,,,,"C:\Windows\System32\execmodelproxy.dll","Microsoft Windows","Valid","true",,"57bd93fbbd4c25b9a1443dd1675ac8d4"
"2024-12-12 11:28:20","7",,,,"C:\Windows\explorer.exe","5604","HOMELAB\pparker",,,,,,"C:\Windows\System32\capauthz.dll","Microsoft Windows","Valid","true",,"4c9e103852450d9f54a9a407675ac8d4"
"2024-12-12 11:27:50",,"C:\Windows\system32\sppsvc.exe",8812,"NT AUTHORITY\NETWORK SERVICE",,,,,,,,,,,,,,"ddc6705c0ce44347e7781a26675ac8b6"
"2024-12-12 11:20:40",,"C:\Windows\system32\speech_onecore\common\SpeechModelDownload.exe",1872,"NT AUTHORITY\NETWORK SERVICE",,,,,,,,,,,,,,"c3dfd7bf489abb3f4cea4cd8675ac709"
"2024-12-12 11:18:39",,"C:\Windows\system32\svchost.exe",2632,"NT AUTHORITY\SYSTEM",,,,,,,,,,,,,,"4e7cc3e31cfe6f2db97e5db9675ac690"
"2024-12-12 11:18:39",,"C:\Windows\system32\DllHost.exe",3752,"NT AUTHORITY\NETWORK SERVICE",,,,,,,,,,,,,,"15a1e84d22ece094c96e371f675ac690"
"2024-12-12 11:18:37",,"C:\Windows\system32\sppsvc.exe",996,"NT AUTHORITY\NETWORK SERVICE",,,,,,,,,,,,,,"99bca92d3d8704611a1e7cce675ac68d"
"2024-12-12 11:18:35",,"C:\Windows\system32\wbem\wmiprvse.exe",8964,"NT AUTHORITY\SYSTEM",,,,,,,,,,,,,,"1ac1ec16298c8115b8d52613675ac68c"
"2024-12-12 11:18:35",,"C:\Windows\system32\wbem\wmiprvse.exe",1432,"NT AUTHORITY\NETWORK SERVICE",,,,,,,,,,,,,,"8d8aa37c9ee9a49ecea4d917675ac68c"
"2024-12-12 11:18:34",,"C:\Windows\system32\devicecensus.exe",1784,"NT AUTHORITY\SYSTEM",,,,,,,,,,,,,,"be42706564177229e8a40a89675ac68b"
"2024-12-12 11:14:38",,"C:\Windows\system32\svchost.exe",860,"NT AUTHORITY\SYSTEM",,,,,,,,,,,,,,"7ed29418c1f95bc7815439a5675ac59f"
"2024-12-12 11:13:51","7",,,,"C:\Program Files (x86)\Microsoft\EdgeUpdate\MicrosoftEdgeUpdate.exe","7824","NT AUTHORITY\SYSTEM",,,,,,"C:\Program Files (x86)\Microsoft\EdgeUpdate\MicrosoftEdgeUpdate.exe","Microsoft Corporation","Valid","true",,"fbdda5497ed3ff90d6624c1d675ac56f"
"2024-12-12 11:13:51","7",,,,"C:\Program Files (x86)\Microsoft\EdgeUpdate\MicrosoftEdgeUpdate.exe","7824","NT AUTHORITY\SYSTEM",,,,,,"C:\Windows\System32\ntdll.dll","Microsoft Windows","Valid","true",,"feaa5e0c8091fa8fcff5209b675ac56f"
"2024-12-12 11:13:51","7",,,,"C:\Program Files (x86)\Microsoft\EdgeUpdate\MicrosoftEdgeUpdate.exe","7824","NT AUTHORITY\SYSTEM",,,,,,"C:\Windows\SysWOW64\ntdll.dll","Microsoft Windows","Valid","true",,"52df5807f95ed8365c081b6c675ac56f"
"2024-12-12 11:13:51","7",,,,"C:\Program Files (x86)\Microsoft\EdgeUpdate\MicrosoftEdgeUpdate.exe","7824","NT AUTHORITY\SYSTEM",,,,,,"C:\Windows\System32\wow64.dll","Microsoft Windows","Valid","true",,"b36467c5599f0d44b17b64bc675ac56f"
"2024-12-12 11:13:51","7",,,,"C:\Program Files (x86)\Microsoft\EdgeUpdate\MicrosoftEdgeUpdate.exe","7824","NT AUTHORITY\SYSTEM",,,,,,"C:\Windows\System32\wow64win.dll","Microsoft Windows","Valid","true",,"20383507a23e902a06db6c11675ac56f"
"2024-12-12 11:13:51","7",,,,"C:\Program Files (x86)\Microsoft\EdgeUpdate\MicrosoftEdgeUpdate.exe","7824","NT AUTHORITY\SYSTEM",,,,,,"C:\Windows\System32\wow64cpu.dll","Microsoft Windows","Valid","true",,"ec18b6a0159eece5eb2bf39f675ac56f"
"2024-12-12 11:13:51","7",,,,"C:\Program Files (x86)\Microsoft\EdgeUpdate\MicrosoftEdgeUpdate.exe","7824","NT AUTHORITY\SYSTEM",,,,,,"C:\Windows\SysWOW64\kernel32.dll","Microsoft Windows","Valid","true",,"3f2e5512a284f94846d4dff0675ac56f"
"2024-12-12 11:13:51","7",,,,"C:\Program Files (x86)\Microsoft\EdgeUpdate\MicrosoftEdgeUpdate.exe","7824","NT AUTHORITY\SYSTEM",,,,,,"C:\Windows\SysWOW64\KernelBase.dll","Microsoft Windows","Valid","true",,"f7d0b628405b9eae7dc86b15675ac56f"
"2024-12-12 11:13:51","7",,,,"C:\Program Files (x86)\Microsoft\EdgeUpdate\MicrosoftEdgeUpdate.exe","7824","NT AUTHORITY\SYSTEM",,,,,,"C:\Windows\SysWOW64\ole32.dll","Microsoft Windows","Valid","true",,"a1d739ff1804381523a02e0a675ac56f"
"2024-12-12 11:13:51","7",,,,"C:\Program Files (x86)\Microsoft\EdgeUpdate\MicrosoftEdgeUpdate.exe","7824","NT AUTHORITY\SYSTEM",,,,,,"C:\Windows\SysWOW64\ucrtbase.dll","Microsoft Windows","Valid","true",,"c305567eea4860863f93df67675ac56f"
"2024-12-12 11:13:51","7",,,,"C:\Program Files (x86)\Microsoft\EdgeUpdate\MicrosoftEdgeUpdate.exe","7824","NT AUTHORITY\SYSTEM",,,,,,"C:\Windows\SysWOW64\rpcrt4.dll","Microsoft Windows","Valid","true",,"0b7f8da296347cf4b41be53d675ac56f"
"2024-12-12 11:13:51","7",,,,"C:\Program Files (x86)\Microsoft\EdgeUpdate\MicrosoftEdgeUpdate.exe","7824","NT AUTHORITY\SYSTEM",,,,,,"C:\Windows\SysWOW64\combase.dll","Microsoft Windows","Valid","true",,"10af12a00b4c49cfa306acaa675ac56f"
"2024-12-12 11:13:51","7",,,,"C:\Program Files (x86)\Microsoft\EdgeUpdate\MicrosoftEdgeUpdate.exe","7824","NT AUTHORITY\SYSTEM",,,,,,"C:\Windows\SysWOW64\gdi32.dll","Microsoft Windows","Valid","true",,"752d93e46255fbf6ef45efaa675ac56f"
"2024-12-12 11:13:51","7",,,,"C:\Program Files (x86)\Microsoft\EdgeUpdate\MicrosoftEdgeUpdate.exe","7824","NT AUTHORITY\SYSTEM",,,,,,"C:\Windows\SysWOW64\win32u.dll","Microsoft Windows","Valid","true",,"69df40d4cdb19369cfa93c3c675ac56f"
"2024-12-12 11:13:51","7",,,,"C:\Program Files (x86)\Microsoft\EdgeUpdate\MicrosoftEdgeUpdate.exe","7824","NT AUTHORITY\SYSTEM",,,,,,"C:\Windows\SysWOW64\gdi32full.dll","Microsoft Windows","Valid","true",,"dbb518111d4250a9add35f9e675ac56f"
"2024-12-12 11:13:51","7",,,,"C:\Program Files (x86)\Microsoft\EdgeUpdate\MicrosoftEdgeUpdate.exe","7824","NT AUTHORITY\SYSTEM",,,,,,"C:\Windows\SysWOW64\msvcp_win.dll","Microsoft Windows","Valid","true",,"6cf3d683b56b52e385ec538a675ac56f"
"2024-12-12 11:13:51","7",,,,"C:\Program Files (x86)\Microsoft\EdgeUpdate\MicrosoftEdgeUpdate.exe","7824","NT AUTHORITY\SYSTEM",,,,,,"C:\Windows\SysWOW64\user32.dll","Microsoft Windows","Valid","true",,"39edf0fcf05e38afff226196675ac56f"
"2024-12-12 11:13:51","7",,,,"C:\Program Files (x86)\Microsoft\EdgeUpdate\MicrosoftEdgeUpdate.exe","7824","NT AUTHORITY\SYSTEM",,,,,,"C:\Windows\SysWOW64\shell32.dll","Microsoft Windows","Valid","true",,"2c6f8a52ee9a74c512ee2efe675ac56f"
"2024-12-12 11:13:51","7",,,,"C:\Program Files (x86)\Microsoft\EdgeUpdate\MicrosoftEdgeUpdate.exe","7824","NT AUTHORITY\SYSTEM",,,,,,"C:\Windows\SysWOW64\windows.storage.dll","Microsoft Windows","Valid","true",,"5e2fb9efab8c26fa367e5fad675ac56f"
"2024-12-12 11:13:51","7",,,,"C:\Program Files (x86)\Microsoft\EdgeUpdate\MicrosoftEdgeUpdate.exe","7824","NT AUTHORITY\SYSTEM",,,,,,"C:\Windows\SysWOW64\wldp.dll","Microsoft Windows","Valid","true",,"25cfab3079609f073f2b7cce675ac56f"
"2024-12-12 11:13:51","7",,,,"C:\Program Files (x86)\Microsoft\EdgeUpdate\MicrosoftEdgeUpdate.exe","7824","NT AUTHORITY\SYSTEM",,,,,,"C:\Windows\SysWOW64\msvcrt.dll","Microsoft Windows","Valid","true",,"e875e1f1fd4b84d680ded2df675ac56f"
"2024-12-12 11:13:51","7",,,,"C:\Program Files (x86)\Microsoft\EdgeUpdate\MicrosoftEdgeUpdate.exe","7824","NT AUTHORITY\SYSTEM",,,,,,"C:\Windows\SysWOW64\advapi32.dll","Microsoft Windows","Valid","true",,"52d20b5895e1705503aa4a4d675ac56f"
"2024-12-12 11:13:51","7",,,,"C:\Program Files (x86)\Microsoft\EdgeUpdate\MicrosoftEdgeUpdate.exe","7824","NT AUTHORITY\SYSTEM",,,,,,"C:\Windows\SysWOW64\sechost.dll","Microsoft Windows","Valid","true",,"be1131043593ca08e623250b675ac56f"
"2024-12-12 11:13:51","7",,,,"C:\Program Files (x86)\Microsoft\EdgeUpdate\MicrosoftEdgeUpdate.exe","7824","NT AUTHORITY\SYSTEM",,,,,,"C:\Windows\SysWOW64\bcrypt.dll","Microsoft Windows","Valid","true",,"9f543b3633ea1c6759497b6b675ac56f"
"2024-12-12 11:13:51","7",,,,"C:\Program Files (x86)\Microsoft\EdgeUpdate\MicrosoftEdgeUpdate.exe","7824","NT AUTHORITY\SYSTEM",,,,,,"C:\Windows\SysWOW64\oleaut32.dll","Microsoft Windows","Valid","true",,"91bd9b49c3a15fb14a9ee64d675ac56f"
"2024-12-12 11:13:51","7",,,,"C:\Program Files (x86)\Microsoft\EdgeUpdate\MicrosoftEdgeUpdate.exe","7824","NT AUTHORITY\SYSTEM",,,,,,"C:\Windows\SysWOW64\SHCore.dll","Microsoft Windows","Valid","true",,"90cfa00be897f8e51b4bbda5675ac56f"
"2024-12-12 11:13:51","7",,,,"C:\Program Files (x86)\Microsoft\EdgeUpdate\MicrosoftEdgeUpdate.exe","7824","NT AUTHORITY\SYSTEM",,,,,,"C:\Windows\SysWOW64\shlwapi.dll","Microsoft Windows","Valid","true",,"b85baa6a268ecfe507ef30ac675ac56f"
"2024-12-12 11:13:51","7",,,,"C:\Program Files (x86)\Microsoft\EdgeUpdate\MicrosoftEdgeUpdate.exe","7824","NT AUTHORITY\SYSTEM",,,,,,"C:\Program Files (x86)\Microsoft\EdgeUpdate\1.3.195.39\msedgeupdate.dll","Microsoft Corporation","Valid","true",,"630b32f3775a53bb04b859eb675ac56f"
"2024-12-12 11:13:51","7",,,,"C:\Program Files (x86)\Microsoft\EdgeUpdate\MicrosoftEdgeUpdate.exe","7824","NT AUTHORITY\SYSTEM",,,,,,"C:\Windows\SysWOW64\netapi32.dll","Microsoft Windows","Valid","true",,"de8ad86dde244d305632b425675ac56f"
"2024-12-12 11:13:51","7",,,,"C:\Program Files (x86)\Microsoft\EdgeUpdate\MicrosoftEdgeUpdate.exe","7824","NT AUTHORITY\SYSTEM",,,,,,"C:\Windows\SysWOW64\wtsapi32.dll","Microsoft Windows","Valid","true",,"271bb10896a4395031e2fe9e675ac56f"
"2024-12-12 11:13:51","7",,,,"C:\Program Files (x86)\Microsoft\EdgeUpdate\MicrosoftEdgeUpdate.exe","7824","NT AUTHORITY\SYSTEM",,,,,,"C:\Windows\SysWOW64\version.dll","Microsoft Windows","Valid","true",,"5ea72971505d68f119f4a327675ac56f"
"2024-12-12 11:13:51","7",,,,"C:\Program Files (x86)\Microsoft\EdgeUpdate\MicrosoftEdgeUpdate.exe","7824","NT AUTHORITY\SYSTEM",,,,,,"C:\Windows\SysWOW64\netutils.dll","Microsoft Windows","Valid","true",,"97e822756abc6178b052af11675ac56f"
"2024-12-12 11:13:51","7",,,,"C:\Program Files (x86)\Microsoft\EdgeUpdate\MicrosoftEdgeUpdate.exe","7824","NT AUTHORITY\SYSTEM",,,,,,"C:\Windows\SysWOW64\wkscli.dll","Microsoft Windows","Valid","true",,"76270a59b22ab727c2e83fa9675ac56f"
"2024-12-12 11:13:51","7",,,,"C:\Program Files (x86)\Microsoft\EdgeUpdate\MicrosoftEdgeUpdate.exe","7824","NT AUTHORITY\SYSTEM",,,,,,"C:\Windows\SysWOW64\profapi.dll","Microsoft Windows","Valid","true",,"de132be1cb664787754a9498675ac56f"
"2024-12-12 11:13:51","7",,,,"C:\Program Files (x86)\Microsoft\EdgeUpdate\MicrosoftEdgeUpdate.exe","7824","NT AUTHORITY\SYSTEM",,,,,,"C:\Windows\SysWOW64\dsreg.dll","Microsoft Windows","Valid","true",,"dfdbdf039b4c7ac6beefa373675ac56f"
"2024-12-12 11:13:51","7",,,,"C:\Program Files (x86)\Microsoft\EdgeUpdate\MicrosoftEdgeUpdate.exe","7824","NT AUTHORITY\SYSTEM",,,,,,"C:\Windows\SysWOW64\msvcp110_win.dll","Microsoft Windows","Valid","true",,"7214c0ad7f07c22826d3e5ef675ac56f"
"2024-12-12 11:13:51","7",,,,"C:\Program Files (x86)\Microsoft\EdgeUpdate\MicrosoftEdgeUpdate.exe","7824","NT AUTHORITY\SYSTEM",,,,,,"C:\Windows\SysWOW64\cryptsp.dll","Microsoft Windows","Valid","true",,"332724124326d9d1779b8cd4675ac56f"
"2024-12-12 11:13:51","7",,,,"C:\Program Files (x86)\Microsoft\EdgeUpdate\MicrosoftEdgeUpdate.exe","7824","NT AUTHORITY\SYSTEM",,,,,,"C:\Windows\SysWOW64\crypt32.dll","Microsoft Windows","Valid","true",,"76e19f034896c2f357746d43675ac56f"
"2024-12-12 11:13:51","7",,,,"C:\Program Files (x86)\Microsoft\EdgeUpdate\MicrosoftEdgeUpdate.exe","7824","NT AUTHORITY\SYSTEM",,,,,,"C:\Windows\SysWOW64\kernel.appcore.dll","Microsoft Windows","Valid","true",,"ff35159ebb93d79b00614b0a675ac56f"
"2024-12-12 11:13:51","7",,,,"C:\Program Files (x86)\Microsoft\EdgeUpdate\MicrosoftEdgeUpdate.exe","7824","NT AUTHORITY\SYSTEM",,,,,,"C:\Windows\SysWOW64\bcryptprimitives.dll","Microsoft Windows","Valid","true",,"9d1fb8d6fdc63d6c1eabcb7c675ac56f"
"2024-12-12 11:13:51","7",,,,"C:\Program Files (x86)\Microsoft\EdgeUpdate\MicrosoftEdgeUpdate.exe","7824","NT AUTHORITY\SYSTEM",,,,,,"C:\Windows\SysWOW64\winsta.dll","Microsoft Windows","Valid","true",,"e41a53b5e9f0150d20f02d4e675ac56f"
"2024-12-12 11:13:51","7",,,,"C:\Program Files (x86)\Microsoft\EdgeUpdate\MicrosoftEdgeUpdate.exe","7824","NT AUTHORITY\SYSTEM",,,,,,"C:\Windows\SysWOW64\clbcatq.dll","Microsoft Windows","Valid","true",,"9e891bf18a91cfe8d4533090675ac56f"
"2024-12-12 11:13:51","7",,,,"C:\Program Files (x86)\Microsoft\EdgeUpdate\MicrosoftEdgeUpdate.exe","7824","NT AUTHORITY\SYSTEM",,,,,,"C:\Windows\SysWOW64\taskschd.dll","Microsoft Windows","Valid","true",,"882a99882f3b5a1558d92263675ac56f"
"2024-12-12 11:13:51","7",,,,"C:\Program Files (x86)\Microsoft\EdgeUpdate\MicrosoftEdgeUpdate.exe","7824","NT AUTHORITY\SYSTEM",,,,,,"C:\Windows\SysWOW64\sspicli.dll","Microsoft Windows","Valid","true",,"176876138bb19ada947d0abf675ac56f"
"2024-12-12 11:13:51","7",,,,"C:\Program Files (x86)\Microsoft\EdgeUpdate\MicrosoftEdgeUpdate.exe","7824","NT AUTHORITY\SYSTEM",,,,,,"C:\Windows\SysWOW64\SystemSettings.DataModel.dll","Microsoft Windows","Valid","true",,"aad0ffa259576c1405d8fa58675ac56f"
"2024-12-12 11:13:51","7",,,,"C:\Program Files (x86)\Microsoft\EdgeUpdate\MicrosoftEdgeUpdate.exe","7824","NT AUTHORITY\SYSTEM",,,,,,"C:\Windows\SysWOW64\userenv.dll","Microsoft Windows","Valid","true",,"44d42c855754d84c7d346553675ac56f"
"2024-12-12 11:13:51","7",,,,"C:\Program Files (x86)\Microsoft\EdgeUpdate\MicrosoftEdgeUpdate.exe","7824","NT AUTHORITY\SYSTEM",,,,,,"C:\Windows\SysWOW64\OneCoreUAPCommonProxyStub.dll","Microsoft Windows","Valid","true",,"c5f6c24dde50d8281613d5b0675ac56f"
"2024-12-12 11:13:51","7",,,,"C:\Program Files (x86)\Microsoft\EdgeUpdate\MicrosoftEdgeUpdate.exe","7824","NT AUTHORITY\SYSTEM",,,,,,"C:\Windows\SysWOW64\cfgmgr32.dll","Microsoft Windows","Valid","true",,"dc49912b10783bf16e84ba25675ac56f"
"2024-12-12 11:13:51","7",,,,"C:\Program Files (x86)\Microsoft\EdgeUpdate\MicrosoftEdgeUpdate.exe","7824","NT AUTHORITY\SYSTEM",,,,,,"C:\Windows\SysWOW64\StructuredQuery.dll","Microsoft Windows","Valid","true",,"c9a5a4f3e77d03b5ae58508f675ac56f"
"2024-12-12 11:13:51","7",,,,"C:\Program Files (x86)\Microsoft\EdgeUpdate\MicrosoftEdgeUpdate.exe","7824","NT AUTHORITY\SYSTEM",,,,,,"C:\Windows\SysWOW64\propsys.dll","Microsoft Windows","Valid","true",,"b57b0b0ef001e4217cfbccb0675ac56f"
"2024-12-12 11:13:51","7",,,,"C:\Program Files (x86)\Microsoft\EdgeUpdate\MicrosoftEdgeUpdate.exe","7824","NT AUTHORITY\SYSTEM",,,,,,"C:\Windows\SysWOW64\Windows.StateRepositoryPS.dll","Microsoft Windows","Valid","true",,"e4b458c490f0b73f0a701de5675ac56f"
"2024-12-12 11:13:51","7",,,,"C:\Program Files (x86)\Microsoft\EdgeUpdate\MicrosoftEdgeUpdate.exe","7824","NT AUTHORITY\SYSTEM",,,,,,"C:\Windows\SysWOW64\Windows.Storage.Search.dll","Microsoft Windows","Valid","true",,"4761adf28ac6d35be8535d0c675ac56f"
"2024-12-12 11:13:51","7",,,,"C:\Program Files (x86)\Microsoft\EdgeUpdate\MicrosoftEdgeUpdate.exe","7824","NT AUTHORITY\SYSTEM",,,,,,"C:\Windows\SysWOW64\mssprxy.dll","Microsoft Windows","Valid","true",,"c2349fa9461d3ae92fc10698675ac56f"
"2024-12-12 11:13:51","7",,,,"C:\Program Files (x86)\Microsoft\EdgeUpdate\MicrosoftEdgeUpdate.exe","7824","NT AUTHORITY\SYSTEM",,,,,,"C:\Windows\SysWOW64\edputil.dll","Microsoft Windows","Valid","true",,"b346d8138b96382613b2d4b4675ac56f"
"2024-12-12 11:13:51","7",,,,"C:\Program Files (x86)\Microsoft\EdgeUpdate\MicrosoftEdgeUpdate.exe","7824","NT AUTHORITY\SYSTEM",,,,,,"C:\Windows\SysWOW64\WinTypes.dll","Microsoft Windows","Valid","true",,"60b70f3bb4d9ed0e66480aa1675ac56f"
"2024-12-12 11:13:51","7",,,,"C:\Program Files (x86)\Microsoft\EdgeUpdate\MicrosoftEdgeUpdate.exe","7824","NT AUTHORITY\SYSTEM",,,,,,"C:\Windows\SysWOW64\Windows.Web.dll","Microsoft Windows","Valid","true",,"8fc7f069d4d7c9b55f5a0c48675ac56f"
"2024-12-12 11:13:51","7",,,,"C:\Program Files (x86)\Microsoft\EdgeUpdate\MicrosoftEdgeUpdate.exe","7824","NT AUTHORITY\SYSTEM",,,,,,"C:\Windows\SysWOW64\iertutil.dll","Microsoft Windows","Valid","true",,"3ca2b88c82265358cacfb874675ac56f"
"2024-12-12 11:13:51","7",,,,"C:\Program Files (x86)\Microsoft\EdgeUpdate\MicrosoftEdgeUpdate.exe","7824","NT AUTHORITY\SYSTEM",,,,,,"C:\Windows\SysWOW64\srvcli.dll","Microsoft Windows","Valid","true",,"e0f1d1ced6f64b1fbd91ac60675ac56f"
"2024-12-12 11:13:51","7",,,,"C:\Program Files (x86)\Microsoft\EdgeUpdate\MicrosoftEdgeUpdate.exe","7824","NT AUTHORITY\SYSTEM",,,,,,"C:\Windows\SysWOW64\msasn1.dll","Microsoft Windows","Valid","true",,"e64923b1d27ea788af28e851675ac56f"
"2024-12-12 11:13:50",,"C:\Program Files (x86)\Microsoft\EdgeUpdate\MicrosoftEdgeUpdate.exe",7824,"NT AUTHORITY\SYSTEM",,,,,,,,,,,,,,"3b3a9b7b8f3a877693124095675ac56f"
"2024-12-12 11:13:20","7",,,,"C:\Windows\explorer.exe","5604","HOMELAB\pparker",,,,,,"C:\Windows\System32\ExecModelClient.dll","Microsoft Windows","Valid","true",,"ace85f5303a69aba18239901675ac550"
"2024-12-12 11:13:20","7",,,,"C:\Windows\explorer.exe","5604","HOMELAB\pparker",,,,,,"C:\Windows\System32\execmodelproxy.dll","Microsoft Windows","Valid","true",,"50f76e56515c31ae7d858224675ac550"
"2024-12-12 11:13:20","7",,,,"C:\Windows\explorer.exe","5604","HOMELAB\pparker",,,,,,"C:\Windows\System32\capauthz.dll","Microsoft Windows","Valid","true",,"92e741452dfe0efd52c7d11b675ac550"